real_x,real_y,real_z,ideal_x,ideal_y,ideal_z,error
1.4818874198752684e-13,2.409022037842129e-12,1.281,0.75,0.0,0.5,1.0828023827087645
0.007492208453849613,-4.9141020050358884e-09,1.2808670379946914,0.7499691581204151,0.003926829327955169,0.5,1.0775160192962028
0.02106207881415307,1.52906550046028e-05,1.2799458188827038,0.749876640091433,0.007852689769532073,0.5,1.0674959343937969
0.0404810826420014,8.90041387951768e-05,1.2770661999197377,0.7497224687404925,0.011776612677410665,0.5,1.0521367891134512
0.06297119907621189,0.0002775972111794465,1.2715699709546815,0.749506682107068,0.015697629882328343,0.5,1.0329031740424648
0.08564619263904413,0.0006225333988226368,1.2640837339067266,0.749229333433282,0.019614773931961236,0.5,1.012189331285239
0.10837401930922336,0.001154652692449582,1.2549455177976574,0.74889049115077,0.023527078329628578,0.5,0.9903053119982781
0.13111494653461991,0.0018930244831709185,1.244457687863629,0.748490238863795,0.027433577772761317,0.5,0.9674822067925246
0.1538842748672453,0.002847230396752334,1.232867138570505,0.7480286753286195,0.031333308391076065,0.5,0.943882020188765
0.17672791726421344,0.004020265014334065,1.2203605687999834,0.7475059144291394,0.035225307984395667,0.5,0.9196089526729301
0.1997063763759513,0.005411249824476823,1.2070670342565895,0.7469220851487844,0.03910861626005772,0.5,0.8947202553674847
0.22288413538540858,0.007017125987973209,1.1930636323351866,0.7462773315386935,0.04298227506985238,0.5,0.8692359450653635
0.24632249310768795,0.008834316923232388,1.1783822000554545,0.7455718126821722,0.04684532864643115,0.5,0.8431471576539207
0.2700746184498217,0.010859415346692934,1.1630160069989677,0.7448057026554414,0.05069682383912812,0.5,0.8164232033469476
0.29418210646941945,0.013089792926866593,1.1469259404757337,0.7439791904846869,0.054535810349135634,0.5,0.7890173392322992
0.31867247526431336,0.015523945113491661,1.1300460485083101,0.7430924800994192,0.05836134096397634,0.5,0.760871478127823
0.3435572917129376,0.018161282627959085,1.1122884251055913,0.7421457902821578,0.0621724717912137,0.5,0.7319200034713591
0.36883068183706263,0.021001836742747484,1.0935475068502687,0.7411393546144496,0.06596826249134323,0.5,0.7020928500975018
0.3944681032460604,0.02404568082633177,1.0737038980127798,0.7400734214192357,0.06974777650980732,0.5,0.6713180171085097
0.4204252343819512,0.027292969192248617,1.0526278204105788,0.7389482536995825,0.07351008130807599,0.5,0.6395236064284836
0.4466369961100735,0.030743529591458346,1.030182300880883,0.7377641290737884,0.07725424859373685,0.5,0.6066395360484912
0.47301663798383914,0.034396683732365166,1.0062261969478714,0.7365213397068864,0.08097935454953735,0.5,0.5725990180981088
0.49945491218930743,0.03825091630726213,0.9806171470707153,0.7352201922385564,0.08468448006132284,0.5,0.5373399158614562
0.5258193681206171,0.0423032020329233,0.9532145198533581,0.7338610077074669,0.08836871094481427,0.5,0.5008061061121422
0.5519538034514898,0.0465479773002231,0.9238824238859245,0.7324441214720628,0.09203113817116948,0.5,0.46294900594059657
0.5776778987089692,0.0509759560782026,0.8924928279418173,0.7309698831278217,0.09567085809127245,0.5,0.4237294971308849
0.6027870571358858,0.05557307012251476,0.8589288298729545,0.7294386564209953,0.09928697265869516,0.5,0.3831206569612071
0.6253458695456768,0.060206851948020196,0.8254047155246537,0.7278508191588613,0.10287858965127719,0.5,0.34382607635183493
0.6454114199252745,0.06485629350186803,0.7921961105888649,0.7262067631165049,0.10644482289126816,0.5,0.30600009853171917
0.6631338289924904,0.06950347533266767,0.7594598862531338,0.7245068939401539,0.10998479246397878,0.5,0.2696754024976045
0.6786639135205248,0.07413201597717665,0.7273347896610157,0.722751631047092,0.11349762493488669,0.5,0.23489249582635027
0.6921518811720822,0.07872738153282412,0.6959428009217191,0.7209414075221734,0.11698245356514334,0.5,0.20170738359492194
0.7037462189928648,0.08327695747737753,0.6653904468106087,0.7190766700109659,0.12043841852542883,0.5,0.17020574846889572
0.713592742598039,0.08777004931064368,0.6357700695724671,0.7171578786095478,0.1238646671081019,0.5,0.14053128982699084
0.7218337879653542,0.09219784306808661,0.6071610485559917,0.7151855067509859,0.12726035393759283,0.5,0.11294719845662035
0.7286075813986671,0.0965529798168903,0.5796309628892932,0.713160041088523,0.1306246411789872,0.5,0.08798065048795058
0.7340475313028992,0.10083048822252194,0.5532367374478078,0.7110819813755038,0.13395669874474916,0.5,0.06677508907607257
0.7382819196821673,0.10502653732773788,0.5280256816822565,0.7089518403420676,0.13725570449953295,0.5,0.05181130768895167
0.7414333928267582,0.1091392456450472,0.5040365272151096,0.7067701435686404,0.14052084446303265,0.5,0.04693228255115779
0.7436187665598761,0.11316784450486858,0.4813003654209266,0.7045374293562559,0.14375131301081964,0.5,0.053031837577708484
0.744948761936012,0.11711279217707277,0.4598415548956381,0.7022542485937369,0.14694631307311828,0.5,0.06576899840949793
0.7455278350906726,0.12097563470160591,0.4396785664102507,0.6999211646217727,0.15010505633147098,0.5,0.0810380586272389
0.7454540580715312,0.12475885935564575,0.4208247719323721,0.6975387530939225,0.15322676341324412,0.5,0.0968246598346246
0.7448190421698633,0.12846574543881187,0.40328917831783506,0.6951076018345824,0.15631066408392627,0.5,0.112247716346484
0.7437078962471085,0.132100214366176,0.3870771064310473,0.6926283106939473,0.1593559974371724,0.5,0.1268998883493636
0.7421992131521311,0.13566668081178276,0.3721908166192093,0.6901014914000078,0.16236201208254591,0.5,0.14057738324453917
0.7403651340368759,0.13916961072573336,0.35863006798848696,0.6875277674076149,0.16532796633091296,0.5,0.15317148741597372
0.7382712034717535,0.1426142827785485,0.3463926792802144,0.6849077737446524,0.16825312837744333,0.5,0.16462142939056962
0.735976568435814,0.14600575786741987,0.33547496285147954,0.6822421568553529,0.17113677648217215,0.5,0.17489266117603522
0.733533968218079,0.14934903037430508,0.3258721574755751,0.6795315744407973,0.17397819914807858,0.5,0.18396564904996407
0.73098981200621,0.15264872285364747,0.3175787902904953,0.6767766952966369,0.17677669529663687,0.5,0.1918299216218746
0.7283840457102939,0.15590979567018956,0.31058904244486363,0.6739781991480785,0.1795315744407972,0.5,0.1984804660776282
0.7257505063647666,0.159136081539651,0.3048969879358571,0.6711367764821722,0.1822421568553529,0.5,0.20391600114921085
0.723116851559312,0.16233040348079975,0.3004967817755549,0.6682531283774433,0.18490777374465245,0.5,0.20813769445085717
0.7205044818935566,0.16549513377976333,0.2973829080075,0.665327966330913,0.1875277674076149,0.5,0.21114821993498076
0.7179284811702603,0.16863236086047254,0.29555032848185636,0.662362012082546,0.19010149140000773,0.5,0.21295122501849187
0.7153977673939015,0.17174309142472993,0.29499452042581753,0.6593559974371724,0.1926283106939473,0.5,0.21355120936030023
0.7129150332145837,0.17482736031897608,0.29571149137778463,0.6563106640839262,0.19510760183458242,0.5,0.2129533694396499
0.7104767121460416,0.17788416829551434,0.297697728599324,0.6532267634132441,0.1975387530939226,0.5,0.21116360564116757
0.7080729402656359,0.18091140572301584,0.30095011183455395,0.650105056331471,0.19992116462177262,0.5,0.2081886271626533
0.705687512325712,0.1839057777518228,0.30546579334038104,0.6469463130731183,0.20225424859373684,0.5,0.20403615471910075
0.7032977702467711,0.18686297014666706,0.3112420546172273,0.6437513130108197,0.20453742935625585,0.5,0.19871519575218752
0.7008747043199891,0.18977698054830303,0.31827606321659413,0.6405208444630327,0.20677014356864043,0.5,0.19223669053832618
0.6983828993030393,0.19264008674132718,0.3265646065032114,0.637255704499533,0.20895184034206757,0.5,0.18461430867476927
0.6957803318301391,0.19544344228455865,0.33610387615627557,0.6339566987447491,0.21108198137550377,0.5,0.1758654739389554
0.693018141736038,0.19817744650464986,0.3468890476752378,0.6306246411789872,0.21316004108852304,0.5,0.16601322469617597
0.6900409240306112,0.20083056638980043,0.3589138378280603,0.6272603539375928,0.2151855067509859,0.5,0.1550895530020783
0.6867868082796188,0.20338894940620364,0.37216998372440546,0.6238646671081018,0.21715787860954783,0.5,0.14314081291523315
0.6832742970131888,0.20585587440373146,0.38415271834237547,0.6204384185254288,0.21907667001096592,0.5,0.13245274526893655
0.6795685985547473,0.2082394984462986,0.3948951875055342,0.6169824535651434,0.22094140752217337,0.5,0.12298530663590804
0.67572040705551,0.21054798679719078,0.404522208873036,0.6134976249348867,0.22275163104709197,0.5,0.11461506073065991
0.6717689653578807,0.21278802139037042,0.4131469425952889,0.6099847924639787,0.2245068939401539,0.5,0.10722905191489701
0.6677445664608447,0.214964568445842,0.4208716682542506,0.6064448228912682,0.2262067631165049,0.5,0.10072407054708564
0.6636703462832505,0.2170814148532047,0.4277886582540059,0.6028785896512772,0.2278508191588613,0.5,0.09500576624740478
0.6595638708547277,0.2191411579962164,0.4339810043223592,0.5992869726586951,0.22943865642099529,0.5,0.08998805876463582
0.6554380925037623,0.2211461329195883,0.439523494082101,0.5956708580912724,0.23096988312782168,0.5,0.0855922668557677
0.6513025690227093,0.22309781268699674,0.44448332308053323,0.5920311381711695,0.23244412147206284,0.5,0.08174691076288527
0.6471641535267569,0.2249971811110151,0.44892083681081574,0.5883687109448142,0.23386100770746682,0.5,0.07838719539852029
0.6430276087795782,0.22684483640994008,0.4528901983271308,0.5846844800613229,0.23522019223855636,0.5,0.0754546265483298
0.6388961748316023,0.22864086153500038,0.4564399833989347,0.5809793545495373,0.23652133970688632,0.5,0.07289674241067068
0.6347717174274436,0.23038553919886393,0.45961379181318207,0.5772542485937369,0.23776412907378838,0.5,0.07066646037044567
0.6306552758758175,0.23207874262800546,0.4624507010196893,0.573510081308076,0.23894825369958253,0.5,0.06872200010520874
0.6265472239622185,0.23372020064466087,0.46498574340497417,0.5697477765098073,0.24007342141923574,0.5,0.06702640382723823
0.6224474574271991,0.23530953589588116,0.46725032127657734,0.5659682624913431,0.24113935461444952,0.5,0.06554714107709954
0.61835554095704,0.23684629313750943,0.46927258057792026,0.5621724717912137,0.24214579028215777,0.5,0.06425570974799492
0.6142708220190661,0.2383299619515189,0.4710777471256157,0.5583613409639764,0.24309248009941914,0.5,0.06312723946354973
0.610192518332453,0.2397599949716416,0.47268842877596484,0.5545358103491357,0.24397919048468683,0.5,0.06214010522233694
0.6061198606885411,0.24113563860151685,0.47412487185736807,0.5506968238391282,0.24480570265544144,0.5,0.06127564475522806
0.6020519104671697,0.2424565096229251,0.4754052502999646,0.5468453286464312,0.24557181268217215,0.5,0.060517547061065144
0.5979878321326667,0.24372202741825894,0.4765458373173183,0.5429822750698524,0.24627733153869347,0.5,0.059851805604209864
0.5939268421963874,0.24493161390340226,0.4775612166957292,0.5391086162600577,0.24692208514878444,0.5,0.05926633839508902
0.5898682267351418,0.24608470241767355,0.47846445847999614,0.5352253079843957,0.24750591442913938,0.5,0.05875072732947216
0.5858113540210486,0.24718074214707103,0.4792672761805889,0.5313333083910761,0.24802867532861944,0.5,0.05829598856965814
0.5817556823985499,0.24821920146080417,0.4799801676328149,0.5274335777727613,0.24849023886379493,0.5,0.05789437105849869
0.5777008386950633,0.2491994054064695,0.48061252802617915,0.5235270783296285,0.24889049115077,0.5,0.057539254511025886
0.5736463937921041,0.25012104336281415,0.481172803403589,0.5196147739319612,0.249229333433282,0.5,0.05722477106104776
0.5695920903894316,0.2509836552728274,0.48166855079474685,0.5156976298823284,0.2495066821070679,0.5,0.05694590725459433
0.5655377655908953,0.251786803854288,0.48210654269403,0.5117766126774107,0.2497224687404925,0.5,0.05669831440536564
0.5614833463646067,0.2525300781977689,0.48249284864179337,0.5078526897695321,0.2498766400914329,0.5,0.05647821181023821
0.5574288455966765,0.25321309409906967,0.4828329081123088,0.5039268293279552,0.24996915812041515,0.5,0.056282305472791026
0.5533744311055613,0.25383534038503114,0.48313158381001814,0.5,0.25,0.5,0.056107781959990194
0.5493201976851834,0.25439664915217897,0.4833932570223314,0.49607317067204487,0.24996915812041515,0.5,0.055952055144566366
0.5452663876945623,0.2548967176899893,0.4836218425992372,0.4921473102304679,0.2498766400914329,0.5,0.05581291615366594
0.5412133120263981,0.2553352666866849,0.4838208484136745,0.48822338732258935,0.2497224687404925,0.5,0.05568842399416059
0.5371614137971239,0.2557119017130483,0.4839934069365389,0.48430237011767163,0.2495066821070679,0.5,0.05557692210408855
0.5331110514622709,0.25602654387144136,0.484142346063754,0.4803852260680388,0.249229333433282,0.5,0.05547684130883274
0.5290627085487768,0.25627899177676305,0.4842701893230754,0.4764729216703714,0.24889049115077,0.5,0.05538684473183401
0.5250169188246778,0.2564690662401575,0.4843791974077031,0.4725664222272387,0.24849023886379493,0.5,0.055305747922320646
0.5209743286765138,0.2565964800383884,0.48447138573875204,0.46866669160892394,0.24802867532861947,0.5,0.05523254506189333
0.516935487644904,0.2566612413922067,0.4845485789914807,0.4647746920156044,0.2475059144291394,0.5,0.05516624895409099
0.5129010523015404,0.25666324375493965,0.48461240226541624,0.4608913837399423,0.24692208514878444,0.5,0.05510602470618726
0.5088717784216822,0.25660227904228566,0.4846643020507104,0.4570177249301476,0.24627733153869347,0.5,0.055051167435820204
0.5048483224733019,0.25647841231931895,0.4847055910796259,0.45315467135356885,0.24557181268217218,0.5,0.0550009675001932
0.5008314346210463,0.256291603291812,0.4847374364483347,0.4493031761608719,0.24480570265544144,0.5,0.05495482853704243
0.4968218913173288,0.2560418313704058,0.4847608829441573,0.44546418965086443,0.24397919048468686,0.5,0.05491221643897695
0.49282055557678006,0.2557289784510686,0.48477685761266004,0.4416386590360236,0.24309248009941914,0.5,0.054872686176686884
0.48882818062116373,0.25535319082726654,0.48478620636043346,0.4378275282087863,0.24214579028215777,0.5,0.05483576836841439
0.4848456033744099,0.25491451171802737,0.4847896783680573,0.43403173750865676,0.24113935461444952,0.5,0.05480107482155937
0.4808736778675756,0.2544130026158584,0.48478794379527324,0.4302522234901927,0.24007342141923577,0.5,0.05476825619053212
0.47691327229533287,0.25384874489801335,0.4847816020854069,0.42648991869192404,0.23894825369958256,0.5,0.05473699719253704
0.4729652672444391,0.253221839512033,0.484771189287298,0.42274575140626325,0.2377641290737884,0.5,0.05470701288442568
0.4690305540647048,0.2525324066436913,0.4847571846157337,0.41902064545046264,0.23652133970688632,0.5,0.0546780453646482
0.4651100333552471,0.25178058539841314,0.48474001633119795,0.41531551993867716,0.23522019223855636,0.5,0.054649860837646225
0.4612046135564305,0.25096653349539666,0.48472006700947307,0.41163128905518576,0.23386100770746684,0.5,0.054622246994994975
0.45731520963873223,0.2500904269730978,0.48469767826432514,0.4079688618288306,0.23244412147206286,0.5,0.05459501067417928
0.45344274188032907,0.2491524599047204,0.4846731549800037,0.4043291419087276,0.2309698831278217,0.5,0.054567975761295136
0.44958813472572073,0.2481528441223642,0.48464676910444776,0.4007130273413048,0.22943865642099529,0.5,0.05454098130848395
0.44575231571823093,0.24709180894852212,0.4846187630488776,0.39712141034872284,0.22785081915886132,0.5,0.05451387984073832
0.4419362144997067,0.24596960093364423,0.4845893527347542,0.39355517710873184,0.22620676311650487,0.5,0.0544865358299396
0.4381407618711943,0.2447864835985654,0.4845587303248961,0.3900152075360212,0.2245068939401539,0.5,0.0544588243167306
0.4343668889087811,0.24354273718064617,0.4845270666717877,0.3865023750651133,0.22275163104709197,0.5,0.05443062966314725
0.4306155261291761,0.2422386583826036,0.4844945135127276,0.3830175464348567,0.22094140752217337,0.5,0.05440184442093784
0.42688760269991927,0.2408745601231204,0.48446120543845395,0.37956158147457114,0.21907667001096587,0.5,0.054372368302195544
0.42318404568939416,0.23945077128849795,0.48442726165917577,0.3761353328918981,0.2171578786095478,0.5,0.054342107240410144
0.4195057793520405,0.23796763648482228,0.4843927875895042,0.37273964606240717,0.2151855067509859,0.5,0.05431097253133507
0.4158537244443229,0.23642551579037474,0.484357876271613,0.3693753588210128,0.21316004108852307,0.5,0.054278880044182576
0.412228797567128,0.23482478450833746,0.4843226096539854,0.36604330125525075,0.21108198137550374,0.5,0.0542457494946861
0.40863191053029635,0.2331658329202315,0.48428705974138575,0.36274429550046705,0.20895184034206754,0.5,0.05421150377246489
0.4050639697349864,0.23144906604097434,0.4842512896300828,0.3594791555369673,0.20677014356864043,0.5,0.05417606831599103
0.40152587556949054,0.22967490337698754,0.4842153544409594,0.35624868698918033,0.20453742935625585,0.5,0.0541393705292597
0.39801852181400477,0.2278437786893753,0.4841793021618611,0.35305368692688177,0.20225424859373686,0.5,0.05410133923506433
0.3945427950496908,0.2259561397648568,0.4841431744093691,0.349894943668529,0.19992116462177265,0.5,0.05406190416057324
0.39109957406720836,0.22401244819784008,0.4841070071191429,0.34677323658675585,0.19753875309392258,0.5,0.054020995451741986
0.3876897292697353,0.22201317918771188,0.4840708311730205,0.34368933591607365,0.19510760183458242,0.5,0.053978543213953054
0.3843141220653922,0.21995882135607886,0.4840346729701699,0.34064400256282756,0.1926283106939473,0.5,0.05393447707719607
0.38108420896556006,0.21790865070103743,0.4841671613689338,0.33763798791745414,0.19010149140000776,0.5,0.05395823394877843
0.37810434847929497,0.21591940455350903,0.4846258386325033,0.33467203366908704,0.18752776740761493,0.5,0.05411853534003806
0.3753504709894941,0.2139798065458166,0.485373332482394,0.3317468716225566,0.1849077737446524,0.5,0.0544095246405898
0.3728005037953925,0.2120790315551979,0.48637653335638875,0.3288632235178278,0.18224215685535286,0.5,0.054829941942638544
0.3704342655535576,0.21020683170741658,0.48760602448283547,0.32602180085192145,0.1795315744407972,0.5,0.05538094490316532
0.3682333792190692,0.2083535648159619,0.48903559434397564,0.32322330470336313,0.1767766952966369,0.5,0.0560644601145837
0.36618117241211134,0.20651020053281674,0.49064182039141374,0.32046842555920285,0.1739781991480786,0.5,0.056881999477174316
0.364262569690926,0.2046683129002793,0.4924037129022445,0.31775784314464717,0.1711367764821722,0.5,0.057833875050652975
0.36246398134422636,0.2028200635057071,0.49430240954763155,0.31509222625534755,0.16825312837744333,0.5,0.05891874677320651
0.3607731920752075,0.2009581783276422,0.49632091275960943,0.3124722325923851,0.16532796633091298,0.5,0.06013343809242513
0.359179251947988,0.19907592061433887,0.49844386326741086,0.3098985085999923,0.16236201208254594,0.5,0.06147295589234663
0.35767237121351875,0.1971670615589999,0.5006573442571369,0.30737168930605274,0.15935599743717246,0.5,0.06293065446865634
0.35624382006974675,0.19522585008708893,0.5029487115161395,0.3048923981654176,0.15631066408392635,0.5,0.06449848938434583
0.3548858339942663,0.19324698272213955,0.5053064456819991,0.3024612469060774,0.15322676341324412,0.5,0.06616731557706719
0.35359152498162694,0.19122557422631062,0.5077200233484757,0.3000788353782273,0.150105056331471,0.5,0.06792719412010648
0.35235479879496967,0.1891571295040003,0.5101798043074729,0.29774575140626314,0.1469463130731183,0.5,0.06976768231926625
0.35117027818218743,0.1870375170981938,0.5126769326441455,0.29546257064374415,0.14375131301081967,0.5,0.07167809124653597
0.3500332318947384,0.18486294448966797,0.5152032497666215,0.29322985643135957,0.1405208444630327,0.5,0.07364770262725098
0.34893950927073697,0.18262993532053037,0.5177512177547965,0.2910481596579325,0.137255704499533,0.5,0.07566594289617558
0.3478854800941369,0.18033530859912691,0.5203138516647734,0.2889180186244963,0.13395669874474925,0.5,0.07772251625916742
0.34686797941207925,0.17797615989763438,0.5228846596354934,0.286839958911477,0.13062464117898734,0.5,0.07980750100595484
0.34588425697788067,0.1755498445220431,0.5254575898191763,0.2848144932490141,0.12726035393759277,0.5,0.08191141448056392
0.3449319309840748,0.1730539626128863,0.528026983303443,0.2828421213904522,0.12386466710810184,0.5,0.0840252523990306
0.34400894575566066,0.1704863461208397,0.5305875323153735,0.28092332998903413,0.1204384185254288,0.5,0.08614050792974201
0.3431135330861939,0.16784504759161897,0.5331342431004426,0.2790585924778266,0.11698245356514335,0.5,0.08824917536885409
0.34224417691695697,0.16512833068746122,0.5356624029556881,0.27724836895290805,0.11349762493488671,0.5,0.09034374252809281
0.34139958108078383,0.16233466236640914,0.5381675509693633,0.2754931060598461,0.10998479246397883,0.5,0.09241717521914318
0.34057863985607745,0.159462706634643,0.5406454520811119,0.27379323688349516,0.10644482289126822,0.5,0.09446289653464036
0.33978041110204404,0.15651131978061264,0.5430920741291447,0.2721491808411387,0.10287858965127727,0.5,0.09647476302371216
0.3390040917722701,0.15347954699247743,0.5455035675956651,0.27056134357900474,0.09928697265869527,0.5,0.09844703935163564
0.3382489956296011,0.15036662025239475,0.5478762477999815,0.26903011687217837,0.09567085809127257,0.5,0.10037437261684908
0.33751452386175695,0.14717197661594916,0.5502065822044665,0.26755587852793716,0.09203113817116954,0.5,0.10225177268874279
0.33680015190687584,0.14389525639402806,0.5524911642756111,0.2661389922925331,0.08836871094481424,0.5,0.10407458409514023
0.33610542699432727,0.14053626018350168,0.5547267212510956,0.2647798077614436,0.08468448006132283,0.5,0.10583845860870061
0.3354299798453769,0.13709488617695276,0.5569100959396149,0.2634786602931137,0.08097935454953736,0.5,0.10753931511310426
0.33477341755075257,0.13357136765578223,0.5590382288046687,0.2622358709262116,0.07725424859373688,0.5,0.1091733760133324
0.3341354080223785,0.12996603841384174,0.5611081597598044,0.2610517463004175,0.07351008130807604,0.5,0.11073709357143102
0.3335156344955556,0.12627940878524052,0.5631170330721987,0.2599265785807643,0.06974777650980739,0.5,0.11222715563531006
0.33291374103437954,0.12251231093809704,0.5650620708128896,0.25886064538555054,0.06596826249134331,0.5,0.11364050091576028
0.33232940578393494,0.1186656828256791,0.5669405818646504,0.25785420971784223,0.06217247179121381,0.5,0.1149742546070447
0.3317623012322406,0.11474064618575472,0.5687499709736124,0.25690751990058086,0.05836134096397638,0.5,0.11622574092847754
0.33121204384301944,0.11073866425485762,0.5704877145685725,0.25602080951531314,0.05453581034913569,0.5,0.1173925057743147
0.3306782968027225,0.10666122074934187,0.5721513776807445,0.25519429734455856,0.05069682383912808,0.5,0.11847222964456049
0.3301606309697371,0.10251023930204659,0.573738609399246,0.2544281873178278,0.04684532864643114,0.5,0.11946283026917552
0.329658670038919,0.09828763019909215,0.5752471465880655,0.25372266846130653,0.042982275069852395,0.5,0.12036233510202564
0.32917194896916163,0.09399575020443893,0.5766748149658398,0.25307791485121556,0.039108616260057745,0.5,0.12116900078410053
0.32870005443079553,0.08963693259634305,0.5780195338583194,0.2524940855708606,0.035225307984395715,0.5,0.12188118085357677
0.3282424906742655,0.08521396632049472,0.5792793189717287,0.25197132467138056,0.031333308391076134,0.5,0.12249745498975782
0.3277988174533742,0.0807295947469935,0.5804522877880312,0.2515097611362051,0.02743357777276141,0.5,0.12301648730723057
0.32736852846752246,0.07618699199993915,0.5815366603405073,0.25110950884923,0.023527078329628588,0.5,0.12343715632009244
0.3269511554041475,0.07158936787365729,0.5825307787875228,0.250770666566718,0.019614773931961267,0.5,0.12375845321507913
0.326546220525669,0.066940152118785,0.5834330912137151,0.2504933178929321,0.015697629882328396,0.5,0.1239795176369646
0.32615322760650867,0.06224308351059712,0.5842421691357039,0.2502775312595075,0.01177661267741074,0.5,0.12409967379162494
0.3257717296786372,0.057501910287551604,0.584956721135466,0.2501233599085671,0.007852689769532059,0.5,0.12411835244235855
0.32540128574335075,0.052720568028735044,0.5855755798559956,0.25003084187958485,0.0039268293279551775,0.5,0.12403512652596019
0.3250414579193293,0.04790326908982896,0.5860977181311317,0.25,3.061616997868383e-17,0.5,0.12384975035719219
0.32469187051967957,0.04305419115429373,0.5865222602730187,0.25003084187958485,-0.003926829327955116,0.5,0.12356207753960159
0.3243521678466663,0.038177656135717136,0.5868484711528352,0.2501233599085671,-0.007852689769531998,0.5,0.12317209754507293
0.32402201741304876,0.03327822156715095,0.587075770279742,0.25027753125950747,-0.011776612677410678,0.5,0.12267997838549355
0.32370115924322135,0.028360352349940728,0.5872037395495322,0.2504933178929321,-0.015697629882328337,0.5,0.12208597800308887
0.3233893629390815,0.02342860694084855,0.5872321139874938,0.250770666566718,-0.019614773931961205,0.5,0.12139048319580242
0.3230864377522459,0.018487726661552847,0.5871607928648475,0.25110950884923,-0.023527078329628526,0.5,0.12059405435420789
0.32279226890408586,0.013542299524912912,0.5869898426358151,0.25150976113620505,-0.02743357777276124,0.5,0.11969733144809834
0.3225067682572499,0.008597053033484937,0.586719489629608,0.2519713246713805,-0.03133330839107607,0.5,0.11870110550020634
0.3222299253079852,0.0036565512339258024,0.5863501286248525,0.2524940855708606,-0.03522530798439565,0.5,0.11760625422843746
0.3219617623377514,-0.001274507544245757,0.5858823159589011,0.25307791485121556,-0.03910861626005768,0.5,0.1164138154229674
0.3217023594237573,-0.006191619745737476,0.5853167698870203,0.25372266846130653,-0.04298227506985233,0.5,0.11512489707479832
0.32145183889455703,-0.011090261916812528,0.5846543640578468,0.25442818731782785,-0.04684532864643119,0.5,0.11374074037721371
0.32121035356595506,-0.015966668496124794,0.5838961335519763,0.25519429734455856,-0.05069682383912813,0.5,0.11226248079455031
0.3209781504796756,-0.020815873998593297,0.5830432663756042,0.25602080951531314,-0.05453581034913563,0.5,0.11069179889664196
0.32075548496725587,-0.025633688581254133,0.5820970925095827,0.2569075199005808,-0.05836134096397632,0.5,0.1090302456759896
0.3205426615051751,-0.030416026003980703,0.5810590834988916,0.25785420971784223,-0.06217247179121364,0.5,0.10727948943861775
0.32034000502904836,-0.03515901656264935,0.5799308442307878,0.2588606453855504,-0.06596826249134315,0.5,0.10544126875334799
0.3201478863687219,-0.039858985591890966,0.5787141013590431,0.2599265785807642,-0.06974777650980722,0.5,0.1035174163461809
0.31996668079415036,-0.04451229121201673,0.5774107064694127,0.2610517463004175,-0.07351008130807597,0.5,0.10150989514795848
0.3197968002573901,-0.04911561121191648,0.5760226123796738,0.2622358709262116,-0.07725424859373682,0.5,0.09942072767891329
0.31963865270830766,-0.05366567250111102,0.5745518816790617,0.2634786602931137,-0.0809793545495374,0.5,0.09725206957698117
0.3194926719004437,-0.05815952626596101,0.5730006584268252,0.2647798077614436,-0.08468448006132287,0.5,0.0950061408904118
0.3193592805546974,-0.06259428879937953,0.5713711795152988,0.2661389922925332,-0.08836871094481429,0.5,0.09268530188246647
0.3192389005588433,-0.06696742884660682,0.5696657451344361,0.26755587852793716,-0.09203113817116948,0.5,0.09029197271346721
0.31913198709039703,-0.07127639561827272,0.5678867240707733,0.26903011687217826,-0.09567085809127242,0.5,0.087828779473309
0.3190389334082508,-0.07551908222591061,0.5660365347619398,0.2705613435790047,-0.0992869726586951,0.5,0.08529837779607746
0.3189601682983007,-0.07969342660116795,0.5641176382360493,0.27214918084113865,-0.10287858965127712,0.5,0.08270363876724908
0.3188960837286986,-0.08379752698236144,0.5621325416741434,0.2737932368834951,-0.10644482289126807,0.5,0.08004760796186622
0.3188470705920388,-0.08782980282232905,0.5600837605424419,0.275493106059846,-0.10998479246397867,0.5,0.07733348619842334
0.3188134891129416,-0.09178873422695046,0.5579738447865736,0.27724836895290805,-0.11349762493488677,0.5,0.07456474923866425
0.3187956941230906,-0.09567310881792344,0.5558053338005685,0.27905859247782666,-0.11698245356514339,0.5,0.07174510925014181
0.31879400750811815,-0.0994817671824142,0.5535807865012042,0.28092332998903413,-0.12043841852542884,0.5,0.0688786623952205
0.31880875727946173,-0.1032137648516999,0.5513027397569031,0.2828421213904522,-0.12386466710810189,0.5,0.06596991562629581
0.31884021390392425,-0.10686842083440257,0.5489737140552857,0.2848144932490141,-0.1272603539375928,0.5,0.06302384683704935
0.3188886359615304,-0.11044507509114641,0.5465962240154449,0.28683995891147696,-0.1306246411789872,0.5,0.060046154586698416
0.3189542706751123,-0.11394332861712778,0.5441727354202798,0.2889180186244962,-0.1339566987447491,0.5,0.05704333419097577
0.31903735227239544,-0.11736279115095016,0.5417056979527983,0.2910481596579324,-0.13725570449953287,0.5,0.05402303348048662
0.31913805988016586,-0.1207033119242541,0.5391975192869651,0.29322985643135946,-0.14052084446303256,0.5,0.05099426556116178
0.31925659054656486,-0.12396482588175026,0.5366505543517205,0.29546257064374404,-0.14375131301081953,0.5,0.04796794336151045
0.31939308552377776,-0.1271474720713332,0.5340671087491793,0.297745751406263,-0.14694631307311817,0.5,0.04495741404860479
0.3195476969451909,-0.13025136169905313,0.5314494494028543,0.30007883537822744,-0.15010505633147106,0.5,0.0419794429335786
0.3197205256147604,-0.13327679852054305,0.5287997858930968,0.30246124690607745,-0.15322676341324415,0.5,0.03905523611824952
0.3199116916019821,-0.1362241499705837,0.5261202601925177,0.3048923981654176,-0.1563106640839263,0.5,0.03621208661599002
0.32012126300769406,-0.13909394989895718,0.5234129531244666,0.3073716893060527,-0.1593559974371724,0.5,0.03348534864717624
0.32034928859982986,-0.14188676464761804,0.5206798949930737,0.30989850859999224,-0.1623620120825459,0.5,0.030921070761716487
0.32059582060809894,-0.14460321979827936,0.5179230477694005,0.3124722325923851,-0.16532796633091293,0.5,0.02857872359702524
0.3208608978679016,-0.14724400776812172,0.5151443089893524,0.3150922262553475,-0.16825312837744327,0.5,0.02653320213836782
0.32114454697706507,-0.14980988095706546,0.5123455110499466,0.31775784314464706,-0.1711367764821721,0.5,0.024874040256292963
0.3214467834408229,-0.15230164515325473,0.5095284208415849,0.32046842555920274,-0.1739781991480785,0.5,0.02369854385757462
0.32176761277958754,-0.15472015324056776,0.5066947396890151,0.323223304703363,-0.17677669529663678,0.5,0.023096095469835612
0.3223038749167356,-0.1571629264606784,0.5041527082223614,0.32602180085192145,-0.17953157444079723,0.5,0.023052643477442444
0.3230485641413916,-0.15962970850863806,0.5018804640677998,0.3288632235178278,-0.18224215685535292,0.5,0.02342368948323708
0.32398818553928355,-0.1621167316459941,0.49984858463335,0.33174687162255667,-0.18490777374465242,0.5,0.024075957640244536
0.3251099682502144,-0.16462012288832792,0.49803101534854494,0.33467203366908704,-0.18752776740761487,0.5,0.024901208264951395
0.3264019082233403,-0.1671359642709953,0.4964046611464196,0.33763798791745414,-0.1901014914000078,0.5,0.025818431104115334
0.32785278088593584,-0.16966034512566977,0.49494903037389115,0.3406440025628276,-0.19262831069394734,0.5,0.02677041442519791
0.3294521339180622,-0.17218940313344797,0.49364592423821496,0.34368933591607376,-0.19510760183458245,0.5,0.027718514231887866
0.33119026600131923,-0.17471935598708369,0.4924791656980541,0.34677323658675585,-0.1975387530939226,0.5,0.028637681560900092
0.3330581959743996,-0.17724652531054985,0.4914343625187481,0.34989494366852897,-0.19992116462177262,0.5,0.02951246323623371
0.3350476257545013,-0.1797673542277744,0.4904986999289592,0.35305368692688166,-0.20225424859373684,0.5,0.03033402973904746
0.33715089955175687,-0.18227841974995349,0.4896607589432034,0.35624868698918033,-0.20453742935625582,0.5,0.031098052982285213
0.3393609612598685,-0.18477644096043688,0.4889103569593501,0.3594791555369673,-0.2067701435686404,0.5,0.03180322119154324
0.34167131140885987,-0.1872582838138261,0.4882384077105662,0.36274429550046716,-0.20895184034206762,0.5,0.032450209653436965
0.344075964682986,-0.18972096322810963,0.48763679805601357,0.3660433012552509,-0.21108198137550382,0.5,0.03304097054688711
0.34656940871304887,-0.1921616430321694,0.487098279442185,0.36937535882101286,-0.2131600410885231,0.5,0.033578244066835426
0.3491465646278591,-0.19457763423304897,0.4866163721646913,0.3727396460624072,-0.21518550675098594,0.5,0.03406522266662603
0.35180274967885233,-0.19696639198540666,0.4861852808154937,0.37613533289189816,-0.21715787860954783,0.5,0.03450532138756914
0.3545336421228905,-0.19932551157735268,0.48579981951911805,0.3795615814745712,-0.2190766700109659,0.5,0.03490202190920632
0.35733524845158515,-0.2016527236902636,0.4854553457485496,0.38301754643485664,-0.22094140752217334,0.5,0.03525876800121015
0.3602038729838659,-0.20394588914336947,0.4851477016720141,0.38650237506511326,-0.22275163104709195,0.5,0.03557889691784003
0.3631360897862582,-0.2062029932952793,0.4848731621195119,0.39001520753602115,-0.22450689394015388,0.5,0.03586559596724456
0.36612871684807996,-0.2084221402426604,0.48462838837633426,0.39355517710873195,-0.22620676311650495,0.5,0.036121876710697255
0.36917879241311746,-0.2106015469298479,0.48441038711258666,0.3971214103487229,-0.22785081915886135,0.5,0.03635056147441518
0.3722835533526275,-0.21273953726116404,0.48421647384553,0.40071302734130493,-0.2294386564209953,0.5,0.03655427840699317
0.3754404154546555,-0.21483453628933508,0.4840442404073078,0.4043291419087276,-0.2309698831278217,0.5,0.036735462402374276
0.3786469555000438,-0.2168850645379464,0.4838915259561922,0.4079688618288305,-0.23244412147206286,0.5,0.03689635997565681
0.3819008949948111,-0.21888973250285013,0.4837563911262326,0.41163128905518576,-0.23386100770746684,0.5,0.03703903672453519
0.38520008543078843,-0.22084723536640505,0.4836370949595049,0.41531551993867716,-0.23522019223855636,0.5,0.03716538639933556
0.3885424949506819,-0.22275634794910912,0.48353207430796374,0.41902064545046264,-0.23652133970688632,0.5,0.03727714088523137
0.39192619629946096,-0.22461591991531726,0.4834399254292444,0.42274575140626314,-0.23776412907378838,0.5,0.03737588060293839
0.39534935595059056,-0.2264248712431338,0.4833593875332669,0.42648991869192393,-0.2389482536995825,0.5,0.037463044981226504
0.39881022430280155,-0.22818218796309056,0.4832893280649433,0.4302522234901926,-0.24007342141923574,0.5,0.03753994276140465
0.4023071268504505,-0.2298869181657176,0.4832287295331506,0.43403173750865687,-0.24113935461444955,0.5,0.03760776197169604
0.4058384562379047,-0.23153816827447107,0.4831766777179358,0.4378275282087864,-0.2421457902821578,0.5,0.037667579465933375
0.40940266511556334,-0.2331350995776203,0.48313235110704733,0.44163865903602373,-0.24309248009941917,0.5,0.03772036996202167
0.41299825972203585,-0.23467692501045959,0.4830950114296977,0.44546418965086443,-0.24397919048468686,0.5,0.037767014545217366
0.4166237941235378,-0.23616290617758107,0.483063995170272,0.4493031761608719,-0.24480570265544144,0.5,0.037808308622475056
0.42027786504769116,-0.23759235060377,0.48303870595773607,0.45315467135356885,-0.24557181268217218,0.5,0.03784496932913271
0.4239591072546214,-0.2389646092013356,0.48301860773801075,0.4570177249301476,-0.24627733153869347,0.5,0.037877642399645924
0.4276661893935057,-0.24027907394126335,0.4830032186467613,0.46089138373994226,-0.24692208514878441,0.5,0.0379069085211592
0.43139781029757895,-0.24153517571543698,0.4829921055090432,0.4647746920156043,-0.24750591442913938,0.5,0.037933289193291385
0.4351526956750265,-0.24273238237724012,0.4829848789002303,0.4686666916089238,-0.24802867532861944,0.5,0.03795725212029902
0.43892959515725216,-0.24387019694810042,0.4829811887097111,0.47256642222723855,-0.2484902388637949,0.5,0.03797921616323076
0.4427272796696813,-0.2449481559778981,0.48298072015513227,0.47647292167037153,-0.24889049115077,0.5,0.037999555880193304
0.44654453909361236,-0.24596582804763426,0.4829831902005199,0.48038522606803885,-0.249229333433282,0.5,0.03801860568267797
0.45038018019066794,-0.24692281240328046,0.48298834433659954,0.4843023701176717,-0.2495066821070679,0.5,0.03803666363523449
0.4542330247641407,-0.24781873771030727,0.48299595368601395,0.48822338732258935,-0.2497224687404925,0.5,0.03805399492482047
0.4581019080340265,-0.2486532609189829,0.4830058124001044,0.4921473102304679,-0.2498766400914329,0.5,0.03807083502495696
0.46198567720478445,-0.24942606623114003,0.4830177353173901,0.4960731706720448,-0.24996915812041515,0.5,0.03808739257852831
0.4658831902069042,-0.2501368641597123,0.4830315558570351,0.49999999999999994,-0.25,0.5,0.038103852021671054
0.4697933145951971,-0.25078539067293104,0.48304712412335354,0.5039268293279551,-0.24996915812041515,0.5,0.038120375969816656
0.47371492658839337,-0.25137140641564354,0.48306430519991594,0.507852689769532,-0.2498766400914329,0.5,0.038137107385551594
0.47764691023612893,-0.25189469600076947,0.4830829776140235,0.5117766126774106,-0.2497224687404925,0.5,0.03815417154661266
0.48158815670075994,-0.2523550673644288,0.4831030319543246,0.5156976298823283,-0.2495066821070679,0.5,0.038171677831018325
0.4855375636426607,-0.25275235117876993,0.48312436962610195,0.5196147739319613,-0.249229333433282,0.5,0.038189721335101
0.4894940346987814,-0.25308640031700447,0.48314690173037594,0.5235270783296286,-0.24889049115077,0.5,0.038208384338990944
0.4934564790452143,-0.25335708936557333,0.48317054805436405,0.5274335777727613,-0.24849023886379493,0.5,0.03822773763301473
0.4974238110354367,-0.2535643141787952,0.48319523616213367,0.5313333083910761,-0.24802867532861947,0.5,0.03824784171738515
0.5013948865961783,-0.2537081125897924,0.48322090872487633,0.5352253079843956,-0.24750591442913938,0.5,0.03826881991056548
0.5053687007473648,-0.253788287385149,0.48324749758811714,0.5391086162600577,-0.24692208514878444,0.5,0.03829063813798943
0.5093441821582319,-0.2538047950688612,0.48327494895653134,0.5429822750698523,-0.2462773315386935,0.5,0.0383133310263601
0.5133202626548199,-0.2537576142652242,0.48330321414866273,0.5468453286464311,-0.24557181268217218,0.5,0.03833692808591214
0.5172958142540248,-0.2536468695150443,0.48333225772287675,0.550696823839128,-0.24480570265544147,0.5,0.03836153418934252
0.5212698494414801,-0.2534724379295028,0.4833620296839364,0.5545358103491355,-0.2439791904846869,0.5,0.038387080618306604
0.5252413133061753,-0.253234354643859,0.4833924930774567,0.5583613409639764,-0.24309248009941914,0.5,0.03841358011837728
0.5292090856787955,-0.25293281404491086,0.483423624059474,0.5621724717912138,-0.24214579028215777,0.5,0.0384411361041296
0.5331721957480278,-0.25256773819653616,0.48345538091103674,0.5659682624913432,-0.24113935461444952,0.5,0.03846965513141752
0.537129601087071,-0.2521392185684253,0.4834877349648614,0.5697477765098073,-0.24007342141923577,0.5,0.03849913928056644
0.5410802624556329,-0.251647367483248,0.4835206598832337,0.573510081308076,-0.23894825369958253,0.5,0.038529589828816234
0.5450231453998229,-0.25109231496627304,0.48355413118599344,0.5772542485937369,-0.2377641290737884,0.5,0.03856100560577838
0.548957152401505,-0.2504743523466297,0.48358813652034704,0.5809793545495373,-0.23652133970688635,0.5,0.03859348720974885
0.5528813352271598,-0.24979348596890144,0.48362264292716584,0.5846844800613228,-0.2352201922385564,0.5,0.038626917249306544
0.5567946751684192,-0.24904989645993092,0.48365763004679785,0.5883687109448141,-0.23386100770746687,0.5,0.03866128725781284
0.5606961574744835,-0.2482437846057757,0.48369307879666024,0.5920311381711694,-0.2324441214720629,0.5,0.03869658963697459
0.5645847019559693,-0.24737552446147393,0.4837289825496263,0.5956708580912723,-0.23096988312782174,0.5,0.03873293404465038
0.5684593849473154,-0.24644517835077476,0.48376531120402416,0.599286972658695,-0.22943865642099537,0.5,0.03877018277688479
0.5723192099226081,-0.24545299520962383,0.4838020477898888,0.6028785896512772,-0.2278508191588613,0.5,0.038808323165579764
0.5761631849896572,-0.24439924400042545,0.48383917612257615,0.606444822891268,-0.22620676311650498,0.5,0.03884734460826369
0.5799903247975678,-0.24328420988455707,0.4838766804301368,0.6099847924639787,-0.2245068939401539,0.5,0.0388872359344199
0.5837995784924082,-0.2421083618935034,0.48391455773591113,0.6134976249348865,-0.22275163104709209,0.5,0.03892811894237052
0.5875900553435406,-0.24087183297713657,0.48395277915853563,0.6169824535651433,-0.2209414075221734,0.5,0.038969837422907536
0.5913607917503119,-0.23957495360576844,0.48399132946813533,0.6204384185254289,-0.21907667001096584,0.5,0.03901237677204184
0.5951108297750087,-0.23821807401680833,0.4840301938489865,0.6238646671081018,-0.21715787860954786,0.5,0.039055725578600174
0.5988392192006076,-0.23680155986518395,0.4840693575298203,0.6272603539375929,-0.21518550675098586,0.5,0.03909987239731613
0.602545017787016,-0.2353257920036231,0.48410880572725035,0.6306246411789871,-0.21316004108852313,0.5,0.03914480577138503
0.6062272200212204,-0.23379134461153067,0.4841485367809194,0.6339566987447491,-0.21108198137550374,0.5,0.03919066285545969
0.6098849801928937,-0.23219843347109337,0.48418852130958684,0.6372557044995327,-0.20895184034206768,0.5,0.03923727181588819
0.6135173821443141,-0.23054748142105397,0.4842287440408159,0.6405208444630326,-0.20677014356864046,0.5,0.03928461896310524
0.6171235167017646,-0.22883893061054497,0.484269189889335,0.6437513130108194,-0.204537429356256,0.5,0.03933269487622894
0.6207024838138568,-0.2270732376040326,0.48430984357989587,0.6469463130731182,-0.2022542485937369,0.5,0.03938149055292065
0.6242533928007348,-0.22525087312027114,0.4843506896166724,0.6501050563314708,-0.1999211646217728,0.5,0.039430997392901554
0.6277752914513075,-0.22337251387907436,0.48439172622028565,0.653226763413244,-0.19753875309392266,0.5,0.039481373224803135
0.6312673879420654,-0.2214384488634809,0.4844329220984967,0.6563106640839264,-0.19510760183458237,0.5,0.039532430984803225
0.6347288218951693,-0.21944918681060177,0.4844742607409262,0.6593559974371723,-0.1926283106939474,0.5,0.03958416034706682
0.6381587410714956,-0.2174052554338894,0.4845157257543096,0.662362012082546,-0.1901014914000077,0.5,0.03963655644689624
0.641556303630348,-0.21530719571910387,0.48455730045054735,0.6653279663309128,-0.187527767407615,0.5,0.039689615193867024
0.6449206783542746,-0.21315556160797472,0.48459896782941236,0.6682531283774433,-0.18490777374465242,0.5,0.039743333216709455
0.6482510448150433,-0.21095091982025943,0.4846407105734125,0.6711367764821721,-0.18224215685535305,0.5,0.03979770793154657
0.651546525304389,-0.20869405403959557,0.4846825254004068,0.6739781991480785,-0.17953157444079723,0.5,0.039852920042189884
0.6548063978142981,-0.20638533342361895,0.48472437860005524,0.6767766952966368,-0.1767766952966371,0.5,0.03990877137110929
0.6580298763212911,-0.2040253576171285,0.48476625159832565,0.6795315744407971,-0.17397819914807863,0.5,0.03996525796804123
0.6612161840755139,-0.20161474464066373,0.48480812594509626,0.6822421568553528,-0.17113677648217224,0.5,0.04002238263407875
0.6643645558994893,-0.19915412429755053,0.4848499828644678,0.6849077737446523,-0.16825312837744344,0.5,0.04008014929482197
0.6674742383649482,-0.19664413779307321,0.4848918032448364,0.6875277674076149,-0.1653279663309129,0.5,0.0401385628953658
0.6705444899007419,-0.19408543753193264,0.48493356764261747,0.6901014914000076,-0.16236201208254605,0.5,0.040197629455785755
0.6735745157943196,-0.19147890629474695,0.4849752708702245,0.6926283106939473,-0.1593559974371724,0.5,0.040257556544979756
0.6765636714271377,-0.18882498000926745,0.48501687682323863,0.6951076018345823,-0.15631066408392646,0.5,0.04031813580981932
0.6795112526193969,-0.18612433798834976,0.48505836474554925,0.6975387530939225,-0.15322676341324412,0.5,0.04037937159442559
0.6824165651313909,-0.18337767754073286,0.4850997140842814,0.6999211646217725,-0.15010505633147123,0.5,0.04044127651081053
0.6852789270300396,-0.18058570613632696,0.4851409039826805,0.7022542485937369,-0.14694631307311834,0.5,0.04050386453542297
0.6880976688082129,-0.17774914094967226,0.4851819132718699,0.7045374293562559,-0.1437513130108197,0.5,0.040567150820820526
0.6908721334224651,-0.1748687086454603,0.4852227204793766,0.7067701435686404,-0.14052084446303273,0.5,0.04063115172540671
0.6936016150926122,-0.17194538158293016,0.4852633179771118,0.7089518403420676,-0.13725570449953287,0.5,0.04069610433939732
0.6962855505044909,-0.16897964887581496,0.4853036681404391,0.7110819813755037,-0.13395669874474928,0.5,0.040761790595239045
0.6989233215843611,-0.16597225729405052,0.4853437482154398,0.713160041088523,-0.13062464117898717,0.5,0.04082822386083547
0.7015143203375132,-0.1629239716429296,0.4853835357792803,0.7151855067509858,-0.127260353937593,0.5,0.04089542752068863
0.704057951304629,-0.15983556525042816,0.48542300815815864,0.7171578786095478,-0.12386466710810187,0.5,0.0409634263669054
0.7065536316257778,-0.15670781941410186,0.4854621424170319,0.7190766700109658,-0.12043841852542903,0.5,0.04103224627439761
0.7090007910072329,-0.15354152319007772,0.4855009153711965,0.7209414075221734,-0.11698245356514338,0.5,0.04110191418499718
0.7113988716776609,-0.1503374731933307,0.48553930359878994,0.722751631047092,-0.11349762493488674,0.5,0.04117245809292118
0.7137472751747387,-0.14709672118138387,0.48557729405350547,0.7245068939401539,-0.10998479246397885,0.5,0.04124414014041115
0.7160455285764001,-0.14381981097840169,0.48561485098890034,0.7262067631165048,-0.10644482289126825,0.5,0.04131673914969481
0.7182931128769343,-0.1405075516861185,0.4856519498379327,0.7278508191588613,-0.1028785896512773,0.5,0.04139027756181766
0.720489518878658,-0.1371607705225501,0.48568856651296965,0.7294386564209954,-0.09928697265869509,0.5,0.04146478934997156
0.7226342495874594,-0.1337803015025753,0.4857246767662591,0.7309698831278216,-0.0956708580912726,0.5,0.04154030954466131
0.7247268202249216,-0.13036698477095926,0.4857602561769017,0.7324441214720628,-0.09203113817116947,0.5,0.04161687370777877
0.7267667581326644,-0.12692166641183444,0.48579528016574075,0.7338610077074668,-0.08836871094481448,0.5,0.04169451783917648
0.7287536026686661,-0.12344519827985834,0.48582972401174107,0.7352201922385564,-0.08468448006132286,0.5,0.04177327828966204
0.7306868623916034,-0.11993869396247801,0.4858635623160509,0.7365213397068864,-0.08097935454953739,0.5,0.04185343622006964
0.7325661490117845,-0.11640274116812163,0.48589677001705583,0.7377641290737884,-0.07725424859373692,0.5,0.0419347655713426
0.7343910388402684,-0.11283819661866287,0.48592932143639433,0.7389482536995825,-0.07351008130807607,0.5,0.042017292349663345
0.7361611173475359,-0.10924593596307826,0.48596119155845535,0.7400734214192357,-0.06974777650980742,0.5,0.04210105540011834
0.7378759814495485,-0.10562684025497976,0.48599235534086754,0.7411393546144495,-0.06596826249134334,0.5,0.04218609372227198
0.7395352395066775,-0.10198179511529962,0.48602278769823243,0.7421457902821578,-0.06217247179121384,0.5,0.042272445666197776
0.7411385112065481,-0.09831169057268127,0.48605246352197234,0.7430924800994192,-0.0583613409639763,0.5,0.04236014874971491
0.7426853961664676,-0.09461768770357103,0.48608132937935733,0.7439791904846869,-0.05453581034913583,0.5,0.042449501620628986
0.7441755726972381,-0.09090040004008769,0.4861093897852031,0.7448057026554414,-0.050696823839128116,0.5,0.04254025922875891
0.7456086953555016,-0.08716071507144604,0.4861366188190228,0.7455718126821722,-0.04684532864643117,0.5,0.042632441645992294
0.7469844271844456,-0.08339954151403946,0.4861629914612449,0.7462773315386935,-0.04298227506985242,0.5,0.04272608355997808
0.7483024419534968,-0.07961779272240188,0.48618848284713584,0.7469220851487844,-0.03910861626005778,0.5,0.042821218672867194
0.7495624242010076,-0.07581638553286912,0.4862130682434018,0.7475059144291394,-0.03522530798439575,0.5,0.04291787851524192
0.7507640524828848,-0.07199652000725885,0.48623663235415543,0.7480286753286194,-0.03133330839107616,0.5,0.043016384739692076
0.751907053272612,-0.0681588229487492,0.4862592477699932,0.7484902388637948,-0.027433577772761442,0.5,0.04311645262768091
0.7529911445266707,-0.06430420086128902,0.48628088896917165,0.74889049115077,-0.023527078329628727,0.5,0.043218087504510415
0.7540160523225983,-0.060433585397600284,0.4863015315840995,0.749229333433282,-0.019614773931961406,0.5,0.04332131212387423
0.7549815130663713,-0.05654791269924796,0.48632115164889167,0.749506682107068,-0.015697629882328316,0.5,0.04342614733622919
0.7558872736215005,-0.0526481216643842,0.4863397255594749,0.7497224687404925,-0.01177661267741066,0.5,0.04353261034998501
0.7567330912891644,-0.0487351537699037,0.4863572301006398,0.749876640091433,-0.00785268976953209,0.5,0.04364071443383395
0.7575187337919305,-0.044809953017814236,0.4863736424800475,0.7499691581204151,-0.003926829327955208,0.5,0.04375046873716686
