joint1,joint2,joint3,joint4,joint5,joint6,joint7
-1.2435024543626412e-07,3.5486002491947695e-06,-2.706486656719108e-05,9.18944102120766e-09,-1.2433363278702467e-06,6.341343187657675e-07,-7.826235005566063e-07
-9.451038022635414e-08,6.956605255013058e-05,-2.6607046955190835e-05,9.368549204143801e-06,-1.7243534967954917e-06,5.6884211212183214e-05,3.642093202035221e-05
1.0826896491426222e-07,0.0005181932715829349,-2.3495894794788003e-05,7.29708754998784e-05,-4.99314663074238e-06,0.0004391363988919182,0.0002892408617473475
6.404379983744623e-07,0.0016955593064276963,-1.5331065004056208e-05,0.0002398872272967055,-1.3571685443300292e-05,0.0014423094642478053,0.0009527351518043184
1.64103425779495e-06,0.003909269568324222,2.0632734332010457e-08,0.0005537271291753824,-2.9701248246546104e-05,0.003328498163014991,0.0022002521305003525
3.2323157980954656e-06,0.00742980669022987,2.4434948691817934e-05,0.001052837172579406,-5.5352628911099246e-05,0.006328166840179561,0.004184219910432095
5.520394379501995e-06,0.012491931386377386,5.9539907812669425e-05,0.001770499617065478,-9.223634382617675e-05,0.010641343030384175,0.007036935830586108
8.595868655573953e-06,0.019296083311832683,0.00010672552443269323,0.002735130991553959,-0.00014181283885964787,0.01643881105833365,0.010871355898441203
1.253445736123143e-05,0.028009781922052758,0.00016715351699794827,0.003970480695579344,-0.00020530269631808976,0.023863305639200656,0.01578188423207084
1.7397632500782367e-05,0.03876902733244345,0.00024176702278345795,0.005495829600540717,-0.00028369684190684193,0.03303070547903128,0.02184516250224546
2.3233252535949755e-05,0.05167970117791726,0.00033130031261192265,0.007326188650952208,-0.0003777667516900612,0.04403122687515066,0.02912085937453481
3.0076195573898884e-05,0.06681896747245124,0.00043628850557243305,0.009472497465693471,-0.00048807465905077724,0.056930617316568656,0.03765245995141037
3.794899255526453e-05,0.08423667346864483,0.0005570772837391824,0.011941822939260143,-0.0006149837616509474,0.07177134908438546,0.047468055214347674
4.6862460442178085e-05,0.10395675051727751,0.0006938326068901786,0.01473755784301428,-0.0007586684283915107,0.08857381285219705,0.05858113146592859
5.681633540629491e-05,0.12597861492686693,0.0008465504272259583,0.017859619426434863,-0.0009191244063724444,0.10733751128650118,0.07099135977194383
6.779990601682141e-05,0.15027856882322643,0.0010150664040882986,0.021304648018368233,-0.0010961790278528182,0.12804225264710267,0.0846853854034952
7.979264642854238e-05,0.17681120100902317,0.0011990656186789304,0.025066205628278566,-0.0012895014172108496,0.15064934438751923,0.09963761727909803
9.2764849569848e-05,0.20551078782333562,0.0013980922887782492,0.02913497454749831,-0.0014986126979039578,0.17510278675538687,0.11581101740678336
0.00010667826033076123,0.23629269400121167,0.0016115594834640306,0.033498955950478686,-0.0017228961994288196,0.20133046639286575,0.1331578903262005
0.00012148670875096496,0.2690547735332263,0.0018387588378301412,0.03814366849604012,-0.001961607664281425,0.22924534993704576,0.15162067255071934
0.00013713674320782915,0.3036787705250395,0.0020788702677052512,0.04305234692862271,-0.0022138854549171305,0.258746677620352,0.17113272200953256
0.00015356826360443828,0.3400317200569542,0.0023309716843715493,0.04820614067953676,-0.002478760760710718,0.2897211568709507,0.19161910748975827
0.00017071515455761803,0.3779673490434736,0.002594048709283451,0.05358431246821307,-0.0027551678049164414,0.32204415591315433,0.21299739807854196
0.0001885059185859633,0.41732747709286,0.0028670043887863176,0.059164436903453625,-0.003041954051628094,0.35558089736782805,0.23517845260515946
0.00020686430929786438,0.4579434173666911,0.003148668908835161,0.06492259908468183,-0.0033378904127390504,0.39018765185279425,0.2580672090831184
0.00022570996457953508,0.49963737743941916,0.0034378093097133617,0.07083359320319313,-0.0036416814549023297,0.42571293158323886,0.28156347415226146
0.00024495903978303965,0.5422238601579289,0.0037331392007513846,0.07687112114340547,-0.003951975606490652,0.4619986839721175,0.3055627125208684
0.0002645248409143196,0.5855110645010938,0.004033328475045482,0.08300799108410961,-0.004267375364556484,0.49888148523055964,0.32995683640775814
0.0002843184578212214,0.6293022864393355,0.004337013024176413,0.08921631609971978,-0.004586447501792102,0.5361937339682754,0.3546349949843914
0.00030424939738152377,0.6733973197941818,0.004642804452928162,0.09546771276152412,-0.004907733273489654,0.5737648447939616,0.3794843638169735
0.00032422621669096383,0.7175938570978216,0.004949299794006629,0.1017334997389348,-0.0052297586245011836,0.6114224419157047,0.4043909343085551
0.0003441571562512663,0.7616888904526681,0.005255091222758379,0.10798489640073915,-0.005551044396198735,0.648993552741391,0.42924030314113726
0.0003639507731581683,0.8054801123909102,0.005558775771889313,0.11419322141634937,-0.005870116533434357,0.6863058014791071,0.4539184617177708
0.0003835165742894482,0.8487673167340751,0.00585896504618341,0.12033009135705353,-0.006185516291500189,0.7231886027375494,0.4783125856046605
0.0004027656494929529,0.8913537994525849,0.0061542949372214335,0.12636761929726587,-0.0064958104430885115,0.759474355126428,0.5023118239732675
0.0004216113047746235,0.9330477595253128,0.006443435338099633,0.13227861341577712,-0.006799601485251789,0.7949996348568725,0.5258080890424104
0.0004399696954865247,0.9736636997991441,0.0067250998581484785,0.13803677559700536,-0.007095537846362747,0.829606389341839,0.5486968455203696
0.0004577604595148698,1.0130238278485302,0.006998055537651343,0.14361690003224586,-0.007382324093074398,0.8631431307965124,0.5708779000469868
0.00047490735046804976,1.05095945683505,0.007261132562563248,0.14899507182092225,-0.007658731137280125,0.8954661298387164,0.5922561906357708
0.0004913388708646586,1.0873124063669641,0.0075132339792295414,0.1541488655718362,-0.007923606443073708,0.9264406090893146,0.6127425761159961
0.0005069889053215226,1.121936403358777,0.0077533454091046495,0.15905754400441877,-0.008175884233709409,0.9559419367726205,0.6322546255748092
0.0005217973537417267,1.1546984828907925,0.007980544763470765,0.1637022565499803,-0.008414595698562021,0.9838568203168012,0.6507174077993285
0.0005357107645026397,1.185480389068668,0.008194011958156543,0.1680662379529606,-0.00863887920008688,1.0100844999542797,0.6680642807187454
0.0005486829676439453,1.2141799758829803,0.00839303862825586,0.17213500687218034,-0.008847990480779987,1.0345379423221475,0.6842376808464307
0.0005606757080556659,1.2407126080687763,0.008577037842846486,0.17589656448209057,-0.009041312870138013,1.0571450340625632,0.699189912722033
0.0005716592786661933,1.2650125619651376,0.00874555381970884,0.1793415930740242,-0.009218367491618399,1.0778497754231662,0.7128839383535854
0.0005816131536303102,1.287034426374727,0.00889827164004462,0.1824636546574448,-0.009378823469599335,1.0966134738574707,0.7252941666596008
0.0005905266215172233,1.306754503423359,0.00903502696319561,0.1852593895611988,-0.009522508136339891,1.1134159376252812,0.7364072429111811
0.0005983994184985892,1.3241722094195532,0.009155815741362363,0.18772871503476554,-0.009649417238940066,1.1282566693930987,0.7462228381741187
0.0006052423615365376,1.3393114757140854,0.009260803934322862,0.18987502384950655,-0.009759725146300769,1.1411560598345152,0.7547544387509934
0.0006110779815717059,1.3522221495595614,0.009350337224151342,0.19170538289991837,-0.009853795056084004,1.1521565812306365,0.7620301356232839
0.0006159411567112574,1.3629813949699532,0.00942495072993686,0.19323073180487993,-0.009932189201672765,1.161323981070468,0.7680934138934592
0.000619879745416915,1.3716950935801735,0.009485378722502116,0.19446608150890532,-0.009995679059131209,1.168748475651335,0.7730039422270889
0.0006229552196929859,1.3784992455056266,0.009532564339122125,0.19543071288339348,-0.010045255554164663,1.1745459436792827,0.7768383622949427
0.0006252432982743921,1.3835613702017733,0.009567669298242971,0.19614837532787946,-0.010082139269079736,1.1788591198694869,0.7796910782150964
0.000626834579814694,1.387081907323682,0.009592083614200478,0.1966474853712839,-0.01010779064974431,1.181858788546654,0.7816750459950299
0.0006278351760741119,1.3892956175855726,0.009607435311938826,0.19696132527316176,-0.010123920212547514,1.183744977245416,0.7829225629737225
0.000628367345107574,1.390472983620422,0.009615600141729588,0.19712824162495923,-0.010132498751360105,1.184748150310776,0.783586057263782
0.0006285701244527143,1.3909216108394538,0.009618711293889984,0.1971918439512548,-0.010135767544494044,1.1851304024984548,0.7838388771935085
0.0006285999643179241,1.3909876282917546,0.009619169113501984,0.19720120331101793,-0.010136248561662968,1.185186652575348,0.7838760807490294
0.0005776229490431308,0.6033535385174981,0.008834659637644527,-1.6334489047799446e-05,-0.00931790721058714,0.5930065047526402,0.5610615601534984
0.0005776363667550275,0.6034093715488723,0.008834661947637802,-7.737741328902147e-06,-0.009317877299478396,0.5930536763186354,0.5610721717967575
0.0005777275479588482,0.6037887896682119,0.008834677645393812,5.06821898776953e-05,-0.009317674035991748,0.5933742347123977,0.5611442841221924
0.0005779668416259293,0.6047845250756138,0.008834718842191431,0.00020399799382936318,-0.009317140596389446,0.5942155001305189,0.5613335339025418
0.0005784167669938665,0.6066567293215852,0.008834796301342578,0.0004922658378762431,-0.009316137611177737,0.5957972664070694,0.5616893656221791
0.0005791322982841055,0.609634158057939,0.008834919487209191,0.0009507077864396932,-0.009314542530407085,0.5983128019722359,0.562255256651234
0.0005801611494195323,0.6139153557886867,0.008835096614220215,0.0016098942199907341,-0.009312248988972392,0.6019298508109578,0.5630689424197162
0.0005815440587420642,0.6196698406209333,0.008835334695888576,0.002495926254028487,-0.009309166171913213,0.6067916334215653,0.5641626415916362
0.00058331507373024,0.6270392890157713,0.008835639593828165,0.00363061815805863,-0.009305218179713975,0.6130178477744153,0.5655632812391294
0.0005855018357168107,0.6361387205391745,0.008836016066770815,0.005031679774571833,-0.009300343393604195,0.6207056702705296,0.5672927220165768
0.0005881258646063302,0.6470576826128928,0.008836467819583284,0.006712898938022202,-0.009294493840858698,0.6299307567002315,0.5693679833347287
0.0005912028435927457,0.6598614352653454,0.008836997552284237,0.008684323893805735,-0.009287634560097837,0.6407482432017833,0.5718014685348262
0.000594742903876988,0.6745921358825161,0.00883760700906122,0.010952445717238756,-0.009279742966587713,0.6531937472200227,0.5746011900627241
0.000598750909384563,0.6912700239588466,0.008838297027287646,0.013520380732536353,-0.009270808217540382,0.6672843684650009,0.5777709946430132
0.000603226741483141,0.7098946058481311,0.008839067586539776,0.016388052931790846,-0.00926083057741409,0.6830196898706192,0.5813107884531424
0.0006081655837001484,0.7304458395144101,0.00883991785761369,0.019552376393950216,-0.009249820783213479,0.7003827785532659,0.5852167622975415
0.0006135582064403575,0.752885319282865,0.008840846251542281,0.02300743770379655,-0.009237799409789806,0.719341186770454,0.5894816167817432
0.0006193912517034776,0.7771574605907116,0.008841850468612222,0.02674467837092448,-0.009224796235141169,0.739847952879458,0.5940947874865057
0.000625647517801745,0.8031906847380949,0.008842927547380957,0.030753077248719635,-0.009210849605712718,0.7618426022959511,0.599042670141935
0.0006323062440775141,0.830898603638983,0.008844073913693674,0.0350193329533371,-0.009196005801696876,0.7852521484526422,0.6043088458016075
0.0006393433956208477,0.8601812045720612,0.00884528542970029,0.03952804628267982,-0.009180318402333555,0.8099920937579134,0.6098743060166919
0.0006467319479871079,0.8909260349316264,0.008846557442872426,0.044261902635377125,-0.009163847651210378,0.8359674305544568,0.6157176780100722
0.0006544421719145458,0.9230093869784806,0.008847884835020393,0.04920185442976305,-0.009146659821562894,0.8630736420779115,0.6218154498504693
0.0006624419180418934,0.9562974825908259,0.008849262071310171,0.05432730352285493,-0.009128826581574795,0.8911977034155016,0.6281421956265646
0.0006706969016259529,0.9906476580151582,0.008850683249280384,0.05961628362933167,-0.009110424359678142,0.9202190824646719,0.6346708006211208
0.0006791709872591877,1.025909548617161,0.008852142147859286,0.06504564274051233,-0.009091533709853574,0.9500107408917262,0.6413726864851057
0.0006878264735873137,1.061926273632601,0.008853632276381742,0.07059122554333458,-0.00907223867693053,0.9804401350904642,0.6482180364118136
0.0006966243780268886,1.0985356209182195,0.008855146923606203,0.07622805583933297,-0.009052626161887468,1.0113702171408183,0.6551760203109885
0.0007055247214829035,1.13557123170263,0.008856679206731688,0.08193051896361758,-0.00903278528715208,1.042660435767491,0.6622150199829456
0.0007144868130663732,1.1728637853372104,0.008858222120414769,0.08767254420385245,-0.009012806761901514,1.0741677372985925,0.6693028542926945
0.0007234695348119259,1.2102421840469955,0.008859768585786547,0.0934277872192337,-0.008992782247362593,1.1057475666242755,0.676407004344061
0.0007324316263953956,1.2475347376815757,0.008861311499469627,0.09916981245946858,-0.008972803722112028,1.137254868155377,0.68349483865381
0.0007413319698514106,1.2845703484659865,0.008862843782595112,0.10487227558375325,-0.00895296284737664,1.16854508678205,0.6905338383257671
0.0007501298742909856,1.321179695751605,0.008864358429819573,0.11050910587975166,-0.008933350332333577,1.1994751688324041,0.697491822224942
0.0007587853606191116,1.3571964207670453,0.00886584855834203,0.1160546886825739,-0.008914055299410533,1.229904563031142,0.70433717215165
0.0007672594462523464,1.3924583113690479,0.008867307456920931,0.12148404779375455,-0.008895164649585965,1.2596962214581962,0.7110390580156347
0.0007755144298364059,1.4268084867933803,0.008868728634891144,0.1267730279002313,-0.008876762427689313,1.2887176005073666,0.717567663010191
0.0007835141759637534,1.4600965824057255,0.008870105871180922,0.13189847699332313,-0.008858929187701214,1.3168416618449565,0.7238944087862862
0.0007912243998911914,1.49217993445258,0.00887143326332889,0.13683842878770913,-0.00884174135805373,1.3439478733684118,0.7299921806266836
0.0007986129522574515,1.5229247648121447,0.008872705276501025,0.14157228514040635,-0.008825270606930552,1.3699232101649548,0.7358355526200637
0.000805650103800785,1.5522073657452227,0.008873916792507642,0.14608099846974903,-0.008809583207567232,1.3946631554702256,0.741401012835148
0.0008123088300765543,1.5799152846461113,0.008875063158820359,0.1503472541743666,-0.00879473940355139,1.4180727016269172,0.7466671884948207
0.0008185650961748216,1.6059485087934942,0.008876140237589094,0.1543556530521617,-0.008780792774122938,1.4400673510434099,0.75161507115025
0.0008243981414379417,1.6302206501013408,0.008877144454659034,0.1580928937192896,-0.008767789599474302,1.4605741171524138,0.7562282418550125
0.0008297907641781506,1.652660129869795,0.008878072848587626,0.16154795502913583,-0.00875576822605063,1.4795325253696014,0.760493096339214
0.0008347296063951584,1.6732113635360757,0.00887892311966154,0.16471227849129544,-0.008744758431850016,1.4968956140522494,0.7643990701836134
0.0008392054384937364,1.69183594542536,0.00887969367891367,0.16757995069054996,-0.008734780791723724,1.5126309354578678,0.7679388639937426
0.0008432134440013112,1.7085138335016898,0.008880383697140096,0.17014788570584743,-0.008725846042676394,1.5267215567028454,0.7711086685740316
0.0008467535042855536,1.7232445341188614,0.008880993153917079,0.17241600752928052,-0.008717954449166268,1.5391670607210854,0.7739083901019296
0.0008498304832719687,1.7360482867713123,0.008881522886618032,0.17438743248506383,-0.00871109516840541,1.549984547222636,0.7763418753020268
0.0008524545121614887,1.7469672488450323,0.0088819746394305,0.17606865164851448,-0.008705245615659912,1.5592096336523393,0.778417136620179
0.0008546412741480597,1.7560666803684368,0.00888235111237315,0.17746971326502786,-0.00870037082955013,1.5668974561484545,0.7801465773976266
0.0008564122891362355,1.7634361287632747,0.00888265601031274,0.178604405169058,-0.008696422837350892,1.5731236705013045,0.7815472170451198
0.000857795198458767,1.7691906135955193,0.0088828940919811,0.17949043720309546,-0.008693340020291715,1.5779854531119102,0.7826409162170396
0.0008588240495941936,1.7734718113262669,0.008883071218992124,0.18014962363664644,-0.008691046478857023,1.581602501950632,0.7834546019855215
0.0008595395808844331,1.776449240062623,0.008883194404858737,0.18060806558521028,-0.00868945139808637,1.5841180375158004,0.784020493014577
0.0008599895062523693,1.7783214443085895,0.008883271864009884,0.18089633342925637,-0.008688448412874663,1.5856998037923469,0.7843763247342133
0.0008602287999194512,1.7793171797159952,0.008883313060807503,0.18104964923320865,-0.008687914973272358,1.586541069210471,0.7845655745145634
0.0008603199811232717,1.7796965978353336,0.008883328758563513,0.1811080691644151,-0.008687711709785712,1.5868616276042329,0.7846376868399981
0.0008603333988351684,1.7797524308667079,0.008883331068556788,0.181116665912134,-0.008687681798676967,1.586908799170228,0.7846482984832572
0.0008593199454548742,1.5752539349295689,0.008877131578208486,-3.160115967943185e-05,-0.008688725169421605,1.5267026410421896,0.7838825398161564
0.0008593082216165372,1.5752362467188967,0.008877116971184386,-2.6468604379339365e-05,-0.008688739570772017,1.5266819716372646,0.7838825917313428
0.0008592285512747378,1.57511604497698,0.008877017707908207,8.4101122411736e-06,-0.008688837436375144,1.5265415109359286,0.7838829445254124
0.0008590194664255812,1.5748005905367282,0.008876757203852897,9.994494237586657e-05,-0.008689094272412304,1.5261728893900943,0.7838838703893307
0.0008586263403607157,1.5742074659595962,0.00887626739823303,0.00027205080138074483,-0.008689577181341442,1.5254797988179025,0.7838856112196217
0.0008580011388929488,1.5732642002000028,0.008875488444050571,0.0005457564782045238,-0.00869034516748705,1.5243775538085882,0.7838883797199844
0.0008571021715818651,1.5719078932697457,0.008874368398140629,0.000939313545819093,-0.008691449442630122,1.522792653127343,0.7838923605029079
0.0008558938429594417,1.5700848409024184,0.008872862911217217,0.0014683052716499766,-0.00869293373159809,1.5206623411201823,0.7838977111912888
0.0008543464037556653,1.567750159217827,0.008870934917919012,0.0021457555280068037,-0.008694834577854764,1.5179341691188069,0.7839045635200461
0.0008524357021241488,1.5648674093864061,0.008868554326855117,0.0029822377025137663,-0.008697181649090276,1.5145655568454688,0.7839130244377379
0.0008501429348677481,1.5614082222936359,0.008865697710650811,0.003985983608540084,-0.008699998042811024,1.5105233538178358,0.7839231772081774
0.0008474543986641783,1.5573519232044586,0.008862347995993322,0.005162992395630471,-0.008703300591929603,1.5057834007538553,0.7839350825120484
0.0008443612412916304,1.5526851564276944,0.00885849415367757,0.0065171394599356,-0.00870710017035476,1.5003300909766188,0.783948779548522
0.0008408592128543885,1.5474015099804583,0.008854130888651942,0.008050285354642552,-0.008711401998581324,1.4941559318192263,0.7839642871368725
0.0008369484170084456,1.541501140252577,0.008849258330064034,0.009762384700405309,-0.008716205949280152,1.4872611060296514,0.783981604818093
0.0008326330621871205,1.5349903966710043,0.008843881721306426,0.011651595095775187,-0.008721506852888071,1.4796530331756041,0.7840007139565122
0.0008279212128266748,1.5278814463642394,0.008838011110062431,0.013714386027631325,-0.00872729480319782,1.4713459310493973,0.7840215788414098
0.000822824540591929,1.5201918988267413,0.008831661038351854,0.015945647781611123,-0.008733555462947984,1.4623603770728093,0.7840441477886327
0.0008173580756018792,1.511944430583347,0.00882485023257676,0.01833880035254073,-0.008740270369412948,1.4527228697019492,0.7840683542422116
0.0008115399576553141,1.5031664098536868,0.008817601293567224,0.020885902354865496,-0.008747417239992823,1.4424653898321214,0.784094117875976
0.0008053911874564312,1.4938895212166015,0.008809940386627088,0.02357775993308043,-0.008754970277803401,1.431624962202689,0.7841213456951712
0.0007989353778404534,1.4841493902745588,0.008801896931579732,0.026404035672160694,-0.008762900477266088,1.42024321680194,0.784149933138074
0.0007921985049992461,1.4739852083180696,0.008793503292813823,0.02935335750799201,-0.00877117592969785,1.4083659502719494,0.7841797651776085
0.0007852086597069331,1.4634393569901045,0.008784794469329076,0.03241342763780121,-0.008779762128901152,1.3960426873134457,0.7842107174229626
0.000777995798545514,1.4525570329505106,0.008775807784782012,0.03557113143058657,-0.008788622276753895,1.383326242090674,0.7842426572212037
0.0007705914951304801,1.4413858725404276,0.008766582577531722,0.0388126463375484,-0.008797717588799369,1.370272279636261,0.784275444758895
0.0007630286913364314,1.4299755764467044,0.008757159890685621,0.042123550802519484,-0.00880700759983618,1.3569388772560786,0.7843089341637114
0.0007553414485226932,1.4183775343663159,0.00874758216214521,0.045488933172395454,-0.0088164504695082,1.3433860859341098,0.7843429746060555
0.0007475646987589327,1.4066444496707793,0.008737892914651832,0.048893500607565366,-0.008826003287894511,1.3296754917373115,0.7843774114006737
0.0007397339960507752,1.39482996407057,0.008728136445832433,0.05232168799234215,-0.008835622381099336,1.31586977722048,0.7844120871082727
0.0007318852675654217,1.3829882822795394,0.008718357518245318,0.0557577668453929,-0.00884526361684199,1.3020322828311148,0.7844468426371344
0.0007240545648572642,1.37117379667933,0.008708601049425918,0.059185954230169695,-0.008854882710046816,1.2882265683142833,0.7844815183447333
0.0007162778150935035,1.359440711983793,0.00869891180193254,0.06259052166533964,-0.008864435528433127,1.274515974117485,0.7845159551393516
0.0007085905722797653,1.3478426699034047,0.008689334073392129,0.0659559040352156,-0.008873878398105148,1.2609631827955161,0.7845499955816957
0.0007010277684857166,1.3364323738096815,0.008679911386546028,0.0692668085001867,-0.008883168409141958,1.2476297804153338,0.7845834849865121
0.0006936234650706827,1.3252612133995985,0.008670686179295738,0.07250832340714852,-0.008892263721187432,1.2345758179609208,0.7846162725242034
0.0006864106039092636,1.3143788893600044,0.008661699494748674,0.0756660271999339,-0.008901123869040175,1.2218593727381488,0.7846482123224445
0.0006794207586169506,1.3038330380320395,0.008652990671263927,0.07872609732974306,-0.008909710068243476,1.2095361097796453,0.7846791645677986
0.0006726838857757432,1.2936688560755503,0.008644597032498019,0.08167541916557441,-0.008917985520675239,1.1976588432496547,0.7847089966073331
0.0006662280761597656,1.2839287251335076,0.008636553577450662,0.08450169490465463,-0.008925915720137926,1.1862770978489057,0.7847375840502359
0.0006600793059608828,1.2746518364964226,0.008628892670510528,0.08719355248286954,-0.008933468757948504,1.1754366702194736,0.784764811869431
0.0006542611880143175,1.2658738157667622,0.00862164373150099,0.08974065448519437,-0.00894061562852838,1.1651791903496456,0.7847905755031955
0.0006487947230242678,1.2576263475233678,0.008614832925725896,0.09213380705612394,-0.008947330534993343,1.1555416829787855,0.7848147819567743
0.000643698050789522,1.2499367999858697,0.00860848285401532,0.09436506881010373,-0.008953591194743506,1.1465561290021975,0.7848373509039973
0.0006389862014290765,1.242827849679105,0.008602612242771325,0.0964278597419598,-0.008959379145053254,1.1382490268759908,0.7848582157888949
0.0006346708466077511,1.236317106097532,0.008597235634013716,0.09831707013732982,-0.008964680048661175,1.130640954021943,0.7848773249273141
0.0006307600507618081,1.2304167363696505,0.008592363075425808,0.1000291694830926,-0.008969483999360003,1.123746128232368,0.7848946426085346
0.0006272580223245664,1.2251330899224149,0.00858799981040018,0.10156231537779947,-0.008973785827586567,1.1175719690749761,0.784910150196885
0.0006241648649520184,1.2204663231456503,0.008584145968084428,0.10291646244210464,-0.008977585406011724,1.1121186592977392,0.7849238472333587
0.000621476328748449,1.2164100240564735,0.008580796253426939,0.10409347122919489,-0.008980887955130303,1.1073787062337592,0.7849357525372297
0.0006191835614920478,1.2129508369637028,0.008577939637222634,0.1050972171352214,-0.00898370434885105,1.1033365032061258,0.7849459053076692
0.0006172728598605311,1.2100680871322815,0.008575559046158738,0.10593369930972844,-0.008986051420086565,1.0999678909327872,0.784954366225361
0.0006157254206567547,1.2077334054476903,0.008573631052860534,0.10661114956608529,-0.008987952266343238,1.0972397189314118,0.7849612185541183
0.0006145170920343315,1.2059103530803634,0.008572125565937122,0.107140141291916,-0.008989436555311205,1.0951094069242515,0.7849665692424992
0.000613618124723248,1.2045540461501065,0.008571005520027179,0.10753369835953051,-0.008990540830454277,1.0935245062430068,0.7849705500254227
0.0006129929232554807,1.2036107803905123,0.008570226565844719,0.10780740403635453,-0.008991308816599885,1.0924222612336913,0.7849733185257853
0.0006125997971906161,1.2030176558133818,0.008569736760224855,0.10797950989535894,-0.008991791725529021,1.0917291706615015,0.7849750593560764
0.0006123907123414587,1.2027022013731286,0.008569476256169543,0.10807104472549399,-0.008992048561566185,1.0913605491156657,0.7849759852199947
0.0006123110419996595,1.2025819996312124,0.008569376992893365,0.10810592344211442,-0.00899214642716931,1.0912200884143302,0.7849763380140643
0.0006122993181613226,1.2025643114205402,0.008569362385869264,0.10811105599741451,-0.008992160828519722,1.0911994190094052,0.7849763899292507
0.0006380442919013777,1.2327184864569563,0.008584683911436759,1.632413576590459e-05,-0.009102835604108664,1.1266519169803644,0.7853482869839253
0.0006380643202362098,1.2327167942100457,0.008584630845545869,2.1019646328757638e-05,-0.009102775225453384,1.1266503941083303,0.7852737558920794
0.0006382004244911363,1.2327052944020567,0.008584270231765338,5.2928388219454e-05,-0.009102364917159692,1.1266400453017387,0.7847672735105131
0.0006385576130881497,1.2326751145940573,0.008583323845993624,0.00013666889107553923,-0.009101288114352563,1.1266128861529727,0.7834380738364742
0.0006392292071712466,1.232618369836104,0.008581544430049434,0.00029411967954960427,-0.009099263485347113,1.1265618209068655,0.7809388825302485
0.0006402972655983549,1.2325281267585488,0.008578714565638239,0.000544518909854193,-0.00909604365044168,1.1264806101460654,0.7769643354001403
0.000641833009933261,1.2323983676633512,0.008574645548318832,0.0009045640063067109,-0.009091413900710906,1.1263638384764014,0.7712493968874535
0.0006438972494375371,1.2322239546153861,0.008569176261469845,0.0013885112978743283,-0.009085190916798836,1.1262068822122484,0.763567778551471
0.0006465408060624676,1.2320005935337541,0.008562172050256306,0.0020082756547188936,-0.009077221487711994,1.1260058770618935,0.7537303575544356
0.0006498049394409772,1.2317247982830912,0.00855352359559616,0.002773530124741838,-0.009067381229612469,1.1257576858129001,0.7415835951465308
0.0006537217718795571,1.2313938547648773,0.008543145788126809,0.00369180557012908,-0.009055573304611004,1.1254598660174748,0.7270079551508606
0.0006583147133501932,1.2310057850087472,0.008530976602171655,0.004768590303895938,-0.00904172713956008,1.1251106376778317,0.7099163224484304
0.0006635988864822918,1.230559311263799,0.008516975969706632,0.0060074297264320385,-0.009025797144847005,1.1247088509315586,0.690252421463127
0.000669581551554608,1.230053820089904,0.008501124654326744,0.00741002596204621,-0.009007761433186996,1.1242539537369822,0.6679892346466996
0.000676262531487172,1.2294893264490168,0.008483423125212601,0.008976337495511412,-0.008987620538416268,1.1237459595585337,0.6431274209637394
0.000683634636833217,1.2288664377964842,0.008463890431096953,0.010704678808609628,-0.008965396134285118,1.1231854150521137,0.6156937343766611
0.0006916840907711054,1.2281863181723547,0.008442563074231236,0.012591820016676775,-0.008941129753251011,1.1225733677504588,0.5857394423306822
0.0007003909540962564,1.2274506522926887,0.008419493884352099,0.014633086505147611,-0.008914881505271664,1.1219113337485056,0.5533387442388044
0.0007097295502130733,1.2266616096408671,0.008394750892647941,0.01682245856610064,-0.00888672879659814,1.1212012653887575,0.5185871899667933
0.0007196688901268705,1.225821808558902,0.008368416205725461,0.01915267103480304,-0.008856765048567925,1.1204455189466493,0.4816000983181596
0.0007301730974358,1.2249342803387455,0.008340584879576177,0.021615312926255525,-0.008825098416398013,1.1196468223159135,0.44251097551913854
0.0007412018333227796,1.224002433313599,0.008311363793542971,0.024200927071737318,-0.008791850507978006,1.1188082426939443,0.40146993370367096
0.0007527107215474192,1.2230300169492234,0.00828087052428663,0.026899109755350984,-0.00875715510266318,1.1179331542671649,0.358642109398384
0.0007646517734379483,1.2220210859352487,0.008249232219752376,0.029698610350567416,-0.008721156870067583,1.1170252058963916,0.3142060820075704
0.000776973812883143,1.220979964276483,0.008216584473136406,0.03258743095677065,-0.008684010088857125,1.1160882888021997,0.2683522922981707
0.0007896229013242529,1.219911209384222,0.008183070196852424,0.035552926035802845,-0.008645877365542651,1.115126504250289,0.2212814608847522
0.0008025427627469287,1.218819576167559,0.008148838496498188,0.038581902048509205,-0.008606928353273034,1.1141441312368494,0.17320300671448918
0.0008156752086731489,1.2177099811246954,0.008114043544822036,0.041660717091282794,-0.008567338470628265,1.1131455941739263,0.1243334655521452
0.0008289605631531473,1.2165874664342475,0.00807884345568943,0.04477538053260952,-0.008527287620412528,1.112135430574786,0.07489490846505154
0.0008423380877573398,1.2154571640465588,0.008043399158049486,0.0479116526496131,-0.008486958908447298,1.1111182587392803,0.02511336030808775
0.0008557464065682512,1.2143242597750081,0.008007873269901522,0.0510551442645997,-0.008446537362364418,1.1100987454392137,-0.024782781791334862
0.0008691239311724437,1.2131939573873194,0.007972428972261579,0.054191416381603276,-0.008406208650399188,1.109081573603708,-0.07456432994829876
0.0008824092856524423,1.2120714426968715,0.00793722888312897,0.05730607982293004,-0.008366157800183452,1.1080714100045677,-0.12400288703539297
0.0008955417315786625,1.2109618476540078,0.00790243393145282,0.06038489486570363,-0.00832656791753868,1.1070728729416446,-0.17287242819773696
0.0009084615930013383,1.209870214437345,0.007868202231098582,0.06341387087841001,-0.008287618905269065,1.106090499928205,-0.2209508823680001
0.0009211106814424481,1.208801459545084,0.007834687954814602,0.06637936595744219,-0.00824948618195459,1.1051287153762943,-0.26802171378141837
0.0009334327208876429,1.2077603378863182,0.007802040208198631,0.06926818656364545,-0.008212339400744131,1.1041917982821023,-0.3138755034908184
0.0009453737727781719,1.2067514068723435,0.0077704019036643765,0.07206768715886185,-0.008176341168148537,1.103283849911329,-0.3583115308816315
0.0009568826610028116,1.2057789905079679,0.007739908634408036,0.07476586984247555,-0.00814164576283371,1.1024087614845497,-0.401139355186919
0.0009679113968897911,1.2048471434828214,0.007710687548374831,0.0773514839879573,-0.008108397854413703,1.1015701818625805,-0.442180397002386
0.0009784156041987204,1.2039596152626648,0.007682856222225546,0.07981412587940975,-0.008076731222243793,1.1007714852318446,-0.48126951980140664
0.0009883549441125179,1.2031198141806996,0.007656521535303065,0.08214433834811222,-0.008046767474213574,1.1000157387897365,-0.5182566114500412
0.0009976935402293346,1.2023307715288782,0.0076317785435989095,0.0843337104090652,-0.008018614765540052,1.0993056704299884,-0.5530081657220517
0.0010064004035544856,1.2015951056492122,0.007608709353719771,0.08637497689753604,-0.007992366517560705,1.0986436364280352,-0.5854088638139295
0.0010144498574923737,1.2009149860250827,0.007587381996854055,0.08826211810560314,-0.007968100136526598,1.0980315891263803,-0.6153631558599074
0.0010218219628384193,1.2002920973725502,0.007567849302738406,0.08999045941870147,-0.007945875732395446,1.0974710446199603,-0.6427968424469878
0.0010285029427709834,1.1997276037316629,0.007550147773624262,0.09155677095216669,-0.007925734837624718,1.0969630504415118,-0.6676586561299481
0.0010344856078432993,1.199222112557768,0.007534296458244375,0.09295936718778079,-0.007907699125964712,1.0965081532469354,-0.6899218429463746
0.0010397697809753981,1.1987756388128197,0.007520295825779353,0.09419820661031694,-0.007891769131251636,1.0961063665006623,-0.7095857439316785
0.0010443627224460336,1.1983875690566896,0.0075081266398242,0.09527499134408367,-0.007877922966200714,1.0957571381610194,-0.7266773766341067
0.0010482795548846142,1.1980566255384757,0.007497748832354847,0.09619326678947107,-0.007866115041199245,1.0954593183655938,-0.7412530166297794
0.0010515436882631243,1.1977808302878126,0.007489100377694699,0.0969585212594941,-0.007856274783099719,1.0952111271166005,-0.7533997790376857
0.0010541872448880548,1.1975574692061808,0.007482096166481159,0.09757828561633868,-0.007848305354012876,1.0950101219662454,-0.7632372000347213
0.00105625148439233,1.1973830561582157,0.007476626879632176,0.09806223290790614,-0.00784208237010081,1.0948531657020926,-0.7709188183707013
0.001057787228727236,1.1972532970630183,0.007472557862312768,0.0984222780043586,-0.007837452620370038,1.0947363940324286,-0.7766337568833873
0.0010588552871543453,1.197163053985463,0.007469727997901572,0.0986726772346634,-0.0078342327854646,1.0946551832716283,-0.7806083040134989
0.0010595268812374403,1.1971063092275096,0.007467948581957385,0.09883012802313705,-0.007832208156459157,1.0946041180255213,-0.783107495319718
0.0010598840698344551,1.1970761294195102,0.00746700219618567,0.09891386852599346,-0.007831131353652024,1.094576958876755,-0.7844366949937619
0.0010600201740893814,1.1970646296115213,0.007466641582405138,0.09894577726788409,-0.007830721045358332,1.0945666100701636,-0.7849431773753272
0.0010600402024242134,1.1970629373646107,0.007466588516514249,0.09895047277844693,-0.007830660666703052,1.0945650871981296,-0.7850177084671729
0.0010255381759030461,1.1999441626758718,0.007552737527711561,-3.030023983807444e-05,-0.008018447701000702,1.0971874474174637,0.17492126378974815
0.0010548192045884276,1.199963737320854,0.007552428024015251,1.5352151519173833e-05,-0.008018152226746187,1.0971650435605256,0.1749049294085827
0.0012538009285371456,1.2000967584877704,0.007550324765290221,0.0003255868646589476,-0.008016144306287604,1.097012796242833,0.1747939277303679
0.001776003580077436,1.200445855905846,0.007544805025782038,0.0011397590739779485,-0.008010874770137521,1.0966132421963044,0.17450261770681946
0.002757860822678067,1.201102236771205,0.007534426686649917,0.002670584086233446,-0.00800096686902127,1.0958619916363206,0.17395489000834932
0.004319341080725051,1.2021461011117105,0.007517921668442586,0.005105106063002895,-0.007985210004051032,1.0946672528623271,0.17308382041611275
0.006564568869298351,1.2036470571518048,0.007494189363574155,0.00860566674314356,-0.007962553456899916,1.0929493568584345,0.17183132321405598
0.009582446123948575,1.2056645366773495,0.007462290068799983,0.0133108741652521,-0.007932100119976046,1.0906402818940202,0.17014780458096349
0.013447273530473714,1.208248210400465,0.007421438417692544,0.019336571390124232,-0.00789310022659663,1.0876831781243295,0.16799181598250548
0.018219371854695823,1.2114384033243717,0.007370996813117298,0.026776805223214312,-0.007844945081162057,1.0840318921910777,0.1653297075632853
0.02394570327223773,1.2152665101082285,0.007310468859708554,0.035704794937094934,-0.007787160789329962,1.0796504918230503,0.16213528153888687
0.03066049269829977,1.219755410431974,0.007239492796345342,0.04617390099391661,-0.00771940198818932,1.0745127904367058,0.15838944558792203
0.038385849117436484,1.2249198843611662,0.007157834928627277,0.058218593767867366,-0.00764144557643452,1.0686018717367753,0.154079866244078
0.04713238691333324,1.2307670277118221,0.0070653830613504245,0.07185542226763222,-0.007553184444539451,1.0619096143168658,0.1492006222881648
0.05689984719858312,1.2372966674152586,0.006962139930983175,0.08708398285885305,-0.007454621204931578,1.0544362162600596,0.14375185814016272
0.06767771914446347,1.2445017768829316,0.006848216638142105,0.10388788798658803,-0.007345861922166027,1.0461897197395174,0.13773943725126958
0.07944586131071271,1.2523688913712767,0.006723826080067846,0.1222357348977713,-0.007227109843099665,1.0371855356190784,0.13117459549594834
0.09217512297530693,1.2608785233465492,0.0065892763831009536,0.14208207436367254,-0.007098659127065183,1.0274459680538626,0.12407359456397435
0.10582796546423667,1.2700055778496635,0.006444964335157772,0.1633683794023566,-0.006960888576045174,1.016999739090871,0.11645737535248288
0.1203590834812837,1.2797197678610337,0.006291368818206307,0.1860240140011432,-0.006814255364846216,1.0058815132695882,0.10835121135801648
0.1357160264377975,1.289986029665414,0.0061290442407420835,0.20996720183906642,-0.006659288771272952,0.994131422222583,0.09978436206857244
0.1518398197824724,1.3007649382167374,0.005958613970264022,0.23510599500933452,-0.006496583906302173,0.9817945892761101,0.0907897263556501
0.16866558633112363,1.3120131225029574,0.005780763765750305,0.26133924274178916,-0.006326795444256902,0.9689206540507111,0.08140349586629846
0.1861231675964648,1.323683680910887,0.005596235210134237,0.2885575601253656,-0.0061506313529804645,0.9555632970618163,0.0716648084151633
0.2041377451178838,1.335726596591038,0.005405819142780122,0.3166442968305516,-0.005968846624010583,0.9417797643203457,0.06161540137653504
0.22263046179122012,1.3480891528224639,0.005210349091959125,0.3454765058318475,-0.005782237002753451,0.9276303919333104,0.05129926507639572
0.24151904319854156,1.360716348377596,0.0050106947073251355,0.37492591213022625,-0.005591632718657812,0.9131781307044143,0.04076229618446653
0.26071841893792036,1.3735513128870867,0.004807755192390648,0.4048598814755917,-0.005397892215389048,0.898488070734655,0.030051951106255442
0.2801413439532104,1.3865357222046477,0.004602452737002615,0.43514238908923963,-0.005201895881003256,0.8836269660229253,0.019216899375104457
0.2996990198638242,1.3996102137718913,0.004395725949818319,0.4656349883863171,-0.005004539778121324,0.8686627590666146,0.008306677044236765
0.31930171629450826,1.4127148019831688,0.004188523290781251,0.49619777969828033,-0.004806729374103031,0.8536641054622107,-0.0026286599211950423
0.3388593922051221,1.4257892935504124,0.003981796503596955,0.5266903789953579,-0.0046093732712210985,0.8386998985059,-0.013538882252062762
0.35828231722041237,1.4387737028679735,0.0037764940482089204,0.5569728866090061,-0.004413376936835304,0.8238387937941702,-0.024373933983213886
0.3774816929597911,1.4516086673774642,0.003573554533274432,0.5869068559543716,-0.00421963643356654,0.8091487338244108,-0.035084279061424944
0.3963702743671126,1.4642358629325964,0.0033739001486404437,0.6163562622527503,-0.004029032149470901,0.7946964725955147,-0.04562124795335415
0.4148629910404488,1.476598419164022,0.0031784300978194464,0.6451884712540462,-0.0038424225282137695,0.7805471002084795,-0.055937384253493455
0.43287756856186793,1.4886413348441734,0.0029880140304653306,0.6732752079592323,-0.0036606377992438877,0.7667635674670088,-0.06598679129212176
0.45033514982720896,1.5003118932521027,0.0028034854748492646,0.7004935253428086,-0.0034844737079674512,0.7534062104781141,-0.07572547874325686
0.4671609163758604,1.5115600775383227,0.002625635270335545,0.7267267730752636,-0.003314685245922177,0.740532275252715,-0.08511170923260858
0.483284709720535,1.5223389860896461,0.0024552049998574866,0.7518655662455312,-0.003151980380951402,0.7281954423062422,-0.09410634494553077
0.4986416526770487,1.5326052478940262,0.002292880422393265,0.7758087540834542,-0.00299701378737814,0.7164453512592373,-0.10267319423497473
0.5131727706940961,1.5423194379053968,0.0021392849054417953,0.7984643886822413,-0.0028503805761791777,0.7053271254379543,-0.11077935822944135
0.5268256131830256,1.551446492408511,0.0019949728574986166,0.819750693720925,-0.0027126100251591706,0.6948808964749628,-0.11839557744093265
0.5395548748476198,1.5599561243837834,0.0018604231605317241,0.8395970331868262,-0.0025841593091246885,0.6851413289097468,-0.12549657837290668
0.5513230170138687,1.5678232388721283,0.0017360326024574695,0.857944880098009,-0.002465407230058331,0.6761371447893081,-0.1320614201282277
0.5621008889597497,1.5750283483398018,0.0016221093096163907,0.8747487852257452,-0.002356647947292772,0.6678906482687654,-0.13807384101712128
0.5718683492449997,1.5815579880432382,0.0015188661792491405,0.8899773458169662,-0.002258084707684898,0.6604172502119592,-0.14352260516512344
0.580614887040896,1.587405131393894,0.0014264143119722935,0.9036141743167303,-0.002169823575789833,0.6537249927920499,-0.14840184912103638
0.588340243460033,1.5925696053230862,0.0013447564442542245,0.9156588670906814,-0.00209186716403503,0.6478140740921192,-0.15271142846488056
0.5950550328860943,1.5970585056468312,0.0012737803808910205,0.926127973147502,-0.002024108362894396,0.6426763727057754,-0.15645726441584495
0.6007813643036372,1.6008866124306886,0.0012132524274822672,0.9350559628613841,-0.0019663240710622917,0.6382949723377473,-0.15965169044024397
0.6055534626278598,1.6040768053545957,0.0011628108229070153,0.942496196694475,-0.001918168925627712,0.634643686404495,-0.1623137988594644
0.6094182900343851,1.6066604790777115,0.001121959171799576,0.9485218939193473,-0.001879169032248297,0.6316865826348044,-0.16446978745792246
0.6124361672890343,1.6086779586032554,0.0010900598770254132,0.9532271013414543,-0.001848715695324436,0.6293775076703907,-0.16615330609101442
0.6146813950776072,1.6101789146433494,0.0010663275721569856,0.9567276620215944,-0.0018260591481733248,0.6276596116664983,-0.16740580329307103
0.6162428753356556,1.6112227789838558,0.0010498225539496402,0.959162183998366,-0.0018103022832030727,0.6264648728925037,-0.16827687288530835
0.6172247325782536,1.611879159849213,0.001039444214817547,0.9606930090106174,-0.0018003943820868468,0.6257136223325221,-0.16882460058377702
0.6177469352297958,1.6122282572672901,0.0010339244753093434,0.9615071812199395,-0.001795124845936743,0.6253140682859918,-0.16911591060732656
0.6179459169537441,1.612361278434206,0.0010318212165843178,0.9618174159330786,-0.0017931169254781654,0.6251618209682996,-0.1692269122855411
0.6179751979824295,1.6123808530791883,0.0010315117128880079,0.9618630683244358,-0.0017928214512236513,0.6251394171113616,-0.16924324666670654
0.532400463072136,1.5790625163007592,0.0015662027245806362,-8.512710139399931e-08,-0.002108562994729482,0.6637118960011105,-0.14178456108760415
0.5324045829568665,1.5791019584552604,0.0015660911169428867,6.256071490495374e-05,-0.002108433539154007,0.6637312392220905,-0.1417856810903981
0.532432579984395,1.5793699909749932,0.001565332677736264,0.0004882758690609075,-0.0021075538127666737,0.6638626877274931,-0.14179329216476172
0.5325060546820731,1.580073408805163,0.0015633422488824439,0.0016055120548244639,-0.0021052450808742218,0.6642076578920892,-0.14181326647765277
0.5326442034713418,1.5813959909274282,0.0015595997995091204,0.003706164813771277,-0.002100904150924631,0.6648562786020583,-0.14185082263275886
0.5328639060897639,1.5834993373040285,0.001553648057687971,0.00704690282515402,-0.0020940006255201673,0.6658878017091188,-0.1419105494364345
0.5331798130130577,1.5865237058219148,0.0015450901421726173,0.011850497221461753,-0.0020840741554304263,0.6673710124846585,-0.1419964296636382
0.5336044328771299,1.590588849236877,0.0015335871941365897,0.018307150903979236,-0.002070731692605382,0.669364640073865,-0.14211186382386964
0.5341482199001084,1.5957948521176741,0.0015188560089112889,0.02657582785834636,-0.002053644743188432,0.6719177679498572,-0.14225969392710672
0.5348196613043761,1.6022229677901627,0.0015006666677239502,0.03678558247011744,-0.0020325466205294413,0.6750702443678149,-0.14244222724974256
0.5356253647386036,1.609936455281426,0.0014788401694356057,0.0490368888403206,-0.0020072296981977905,0.67885309281911,-0.14266126010052282
0.5365701456997821,1.6189814162639022,0.0014532460622790468,0.06340297010101714,-0.0019775426629954213,0.6832889224854366,-0.14291810158648258
0.5376571149552573,1.6293876319995155,0.0014238000755967877,0.07993112773086092,-0.00194338776796988,0.6883923386929425,-0.14321359737888353
0.5388877659647615,1.6411694002838022,0.0013904617515790292,0.09864407087065753,-0.001904718085427367,0.6941703533663588,-0.1435481534791511
0.5402620623024479,1.654326372390042,0.00135323207700162,0.11954124563892399,-0.0018615347599457792,0.7006227954831309,-0.1439217599848115
0.5417785250789224,1.6688443900133865,0.0013121511149640198,0.14260016444744777,-0.0018138842613877586,0.7077427215275496,-0.14433401485542882
0.5434343203632781,1.684696322214987,0.001267295636627264,0.16777773531684648,-0.001761855637913736,0.715516825944881,-0.14478414767854217
0.5452253466051273,1.7018429023661252,0.0012187767529519247,0.1950115911921268,-0.0017055777689949782,0.7239258515954972,-0.14527104343560274
0.5471463220566353,1.7202335650923408,0.0011667375464360745,0.22422141925824418,-0.0016452166184266327,0.7329450002090073,-0.14579326626791092
0.5491908721945532,1.7398072832175615,0.0011113507028532494,0.2553102902556622,-0.0015809724873407749,0.742544342838388,-0.14634908324255336
0.5513516171422512,1.7604934047082312,0.0010528161429904117,0.28816598779591157,-0.001513077267219453,0.7526892303141135,-0.1469364881183401
0.5536202590917516,1.7822124896174398,0.0009913586543859121,0.3226623376771502,-0.0014417916929077334,0.763340703698287,-0.14755322511174168
0.5559876697257622,1.8048771470290514,0.0009272255230674549,0.35866053719972146,-0.001367402595626748,0.7744559047387709,-0.14819681266282617
0.5584439776397089,1.8283928720018336,0.0008606841652900576,0.396010484481715,-0.0012902201559867382,0.7859884863233172,-0.1488645672011964
0.5609786557637694,1.852658882513587,0.0007920197592740175,0.4345521077745244,-0.0012105751570001028,0.7978890229336986,-0.14955362691192686
0.5635806087849059,1.8775689564052733,0.000721532876942872,0.47411669477840773,-0.0011288162370944423,0.8101054210998384,-0.150260975501501
0.5662382605688985,1.903012268325145,0.0006495371156613617,0.5145282219580471,-0.0010453071431256043,0.8225833298539422,-0.15098346596374818
0.5689396415823783,1.9288742266728736,0.0005763567299733952,0.5556046838581069,-0.0009604239833907319,0.8352665511846273,-0.15171784434578087
0.5716724763148602,1.9550373105436798,0.0005023242633400106,0.5971594224187936,-0.0008745524806413065,0.8480974504910543,-0.15246077351393164
0.5744242707007766,1.9813819066724618,0.0004277781798773365,0.6390024562914167,-0.0007880852250961936,0.8610173670370571,-0.15320885691969036
0.5771823995415101,2.0077871463779235,0.00035306049609456136,0.6809418101539443,-0.0007014189274546947,0.8739670244052735,-0.15395866236564126
0.5799341939274265,2.034131742506706,0.0002785144126318873,0.7227848440265674,-0.0006149516719095819,0.8868869409512763,-0.15470674577139998
0.5826670286599084,2.060294826377512,0.0002044819459985016,0.7643395825872547,-0.0005290801691601556,0.8997178402577034,-0.15544967493955075
0.5853684096733882,2.0861567847252407,0.00013130156031053528,0.8054160444873143,-0.00044419700942528316,0.9124010615883886,-0.15618405332158344
0.5880260614573808,2.1116000966451125,5.930579902902475e-05,0.8458275716669538,-0.00036068791545644497,0.9248789703424924,-0.15690654378383062
0.5906280144785173,2.1365101705367984,-1.1181083302120491e-05,0.885392158670837,-0.00027892899555078494,0.9370953685086323,-0.15761389237340476
0.5931626926025778,2.160776181048552,-7.98454893181609e-05,0.9239337819636466,-0.0001992839965641491,0.9489959051190135,-0.15830295208413522
0.5956190005165245,2.1842919060213344,-0.00014638684709555763,0.9612837292456399,-0.00012210155692413995,0.96052848670356,-0.15897070662250545
0.5979864111505351,2.206956563432946,-0.00021051997841401576,0.9972819287682115,-4.77124596431535e-05,0.9716436877440439,-0.15961429417358997
0.6002550531000355,2.228675648342154,-0.0002719774670185142,1.0317782786494496,2.357311466856483e-05,0.9822951611282172,-0.16023103116699153
0.6024157980477335,2.2493617698328237,-0.00033051202688135135,1.0646339761896986,9.146833478988628e-05,0.9924400486039426,-0.16081843604277826
0.6044603481856514,2.268935487958045,-0.0003858988704641779,1.0957228471871174,0.00015571246587574566,1.0020393912333234,-0.1613742530174207
0.6063813236371594,2.2873261506842604,-0.0004379380769800273,1.1249326752532343,0.00021607361644409,1.0110585398468335,-0.16189647584972888
0.6081723498790086,2.3044727308353985,-0.00048645696065536636,1.1521665311285145,0.00027235148536284767,1.0194675654974497,-0.16238337160678945
0.6098281451633643,2.3203246630369985,-0.000531312438992121,1.1773441019979125,0.00032438010883686875,1.0272416699147808,-0.1628335044299028
0.6113446079398389,2.334842680660344,-0.000572393401029724,1.200403020806438,0.0003720306073948928,1.0343615959592,-0.16324575930052015
0.6127189042775252,2.347999652766584,-0.0006096230756071337,1.2213001955747047,0.00041521393287648114,1.0408140380759723,-0.16361936580618053
0.6139495552870294,2.35978142105087,-0.0006429613996248903,1.2400131387145004,0.0004538836154189922,1.0465920527493882,-0.16395392190644809
0.6150365245425047,2.3701876367864836,-0.0006724073863071504,1.2565412963443447,0.0004880385104445344,1.0516954689568943,-0.16424941769884904
0.6159813055036831,2.379232597768959,-0.0006980014934637065,1.2709073776050395,0.0005177255456469006,1.0561312986232205,-0.16450625918480877
0.6167870089379106,2.3869460852602233,-0.000719827991752055,1.283158683975245,0.0005430424679785557,1.0599141470745161,-0.16472529203558905
0.6174584503421785,2.393374200932713,-0.0007380173329393956,1.293368438587017,0.0005641405906375487,1.0630666234924742,-0.16490782535822496
0.618002237365157,2.39858020381351,-0.0007527485181646964,1.3016371155413844,0.0005812275400544991,1.0656197513684664,-0.165055655461462
0.618426857229229,2.402645347228471,-0.0007642514662007203,1.3080937692238996,0.0005945700028795386,1.0676133789576725,-0.1651710896216934
0.6187427641525227,2.405669715746357,-0.0007728093817160728,1.3128973636202068,0.0006044964729692783,1.0690965897332116,-0.16525696984889712
0.618962466770945,2.407773062122959,-0.0007787611235372273,1.3162381016315925,0.0006113999983737486,1.070128112840273,-0.1653166966525728
0.6191006155602133,2.4090956442452205,-0.0007825035729105408,1.3183387543905336,0.0006157409283233275,1.0707767335502405,-0.1653542528076788
0.6191740902578917,2.4097990620753933,-0.000784494001764369,1.3194559905763015,0.0006180496602157881,1.071121703714838,-0.16537422712056993
0.6192020872854201,2.4100670945951252,-0.0007852524409709897,1.3198817057304564,0.0006189293866031196,1.0712531522202402,-0.16538183819493352
0.6192062071701507,2.4101065367496264,-0.000785364048608739,1.3199443515724627,0.0006190588421785942,1.0712724954412203,-0.16538295819772747
0.6188939601761457,1.738931648149531,-0.013692030081198332,0.0003442711551834558,-0.00510466375281504,1.062095434040862,-0.12624100497415958
0.6188934403152014,1.7389183696840333,-0.013691314193022263,0.00039296782621538537,-0.00510464817854223,1.0620649644970062,-0.12616915366773576
0.6188899075558842,1.7388281347409762,-0.013686449313958092,0.0007238902011295742,-0.005104542342245074,1.0618579061170057,-0.12568088199621094
0.6188806362708331,1.7385913244169375,-0.013673682047214603,0.001592354591752384,-0.005104264588118178,1.0613145072916552,-0.12439947405339918
0.6188632041908756,1.7381460682867855,-0.013649676743366885,0.0032252609918991463,-0.005103742348523355,1.0602927965233984,-0.12199014184172878
0.618835481373821,1.7374379626408312,-0.013611500309543013,0.005822126398029112,-0.005102911813510825,1.0586679358768127,-0.11815850062102003
0.6187956191732534,1.736419788721981,-0.013556607018610733,0.009556118129900405,-0.005101717600340401,1.0563315744290946,-0.11264904425726283
0.6187420392073252,1.7350512309628914,-0.013482823318364133,0.014575087151224934,-0.005100112423002687,1.0531912017205465,-0.10524362057139434
0.6186734223275494,1.7332985952231204,-0.013388332640710333,0.021002601390323398,-0.005098056761740264,1.0491695012050604,-0.0957599066880767
0.6185886975875937,1.7311345270262812,-0.013271660210856153,0.028938979060780187,-0.005095518532568887,1.0442037037006047,-0.08404988438447458
0.6184870312120732,1.728537729797196,-0.013131657856494805,0.03846232198209832,-0.005092472756798677,1.0382449408397094,-0.06999831543903298
0.6183678155653434,1.7254926830990474,-0.012967488816992561,0.049629548900354446,-0.005088901230555311,1.031257598519951,-0.05352121698025478
0.6182306581202937,1.7219893608705337,-0.012778612552575444,0.06247742880885377,-0.005084792194301216,1.0232186703544395,-0.03456433683547841
0.6180753704271402,1.7180229496630202,-0.012564769553515898,0.0770236142687849,-0.005080140002356761,1.014117111122302,-0.013101628879655713
0.6179019570822192,1.713593566877693,-0.012325966149319472,0.09326767472987499,-0.005074944792421449,1.0039531902191696,0.010866271615870726
0.61771060469678,1.7087059790027121,-0.012062459317911502,0.1111921298510445,-0.00506921215509511,0.9927378451076626,0.0373135726345897
0.6175016708657782,1.7033693198503648,-0.011774741494823786,0.13076348282106232,-0.005062952803399093,0.9804920347678754,0.06619085006604383
0.6172756731366689,1.6975968087942181,-0.011463525382381268,0.15193325367920046,-0.0050561822422974575,0.967246093147863,0.09742657235705168
0.6170332779781997,1.6914054690062723,-0.011129728758888714,0.17463901263588924,-0.005048920438218167,0.9530390826141256,0.1309286251629303
0.6167752897492039,1.6848158456941136,-0.010774459287817395,0.19880541339337218,-0.005041191488574281,0.9379181474020948,0.16658583599871762
0.6165026396673939,1.6778517243380682,-0.010398999326991764,0.22434522646636082,-0.005033023291285147,0.9219378670666187,0.20426949889039459
0.6162163747781537,1.6705398489283543,-0.010004790737776135,0.2511603725026899,-0.005024447214297595,0.9051596099324476,0.24383489902610783
0.6159176469233328,1.6629096402022356,-0.009593419694261373,0.27914295560397206,-0.005015497765107123,0.8876508865447195,0.28512283740739125
0.6156077017100388,1.654992913881175,-0.009166601492451548,0.3081762966462531,-0.0050062122602791,0.869484703119445,0.32796115550038973
0.6152878674794307,1.6468235989079865,-0.008726165359450654,0.33813596660066625,-0.004996630494969948,0.8507389149939943,0.3721662598870796
0.6149595442755122,1.6384374556839894,-0.008274039262649255,0.3688908198540879,-0.004986794412448343,0.8314955800775812,0.4175446469164924
0.6146241928139248,1.6298717943061607,-0.007812234718911171,0.4003040275297925,-0.0049767477736163985,0.8118403123017492,0.46389442735593733
0.6142833234507405,1.6211651928042885,-0.0073428316037601775,0.43223411080810664,-0.0049665358265308665,0.7918616350708572,0.5110068510422224
0.6139384851512557,1.6123572153781254,-0.006867962960566661,0.46453597424706494,-0.0049562049759243245,0.7716503347125647,0.5586678315328775
0.6135912544587836,1.6034881306345403,-0.006389799809734302,0.4970619391030652,-0.004945802452726368,0.7512988139283172,0.6066594707573777
0.6132432244634481,1.594598629824674,-0.005910535957886787,0.5296627766515212,-0.004935375983584806,0.7309004452438326,0.6547615836683623
0.612895993770976,1.585729545081089,-0.005432372807054428,0.5621887415075215,-0.004924973460386849,0.7105489244595851,0.7027532228928627
0.6125511554714912,1.5769215676549257,-0.004957504163860907,0.5944906049464801,-0.004914642609780307,0.6903376241012924,0.7504142033835183
0.612210286108307,1.5682149661530536,-0.004488101048709912,0.6264206882247942,-0.004904430662694775,0.6703589468704003,0.7975266270698033
0.6118749346467195,1.559649304775225,-0.004026296504971829,0.6578338959004989,-0.004894384023862831,0.6507036790945683,0.8438764075092484
0.6115466114428011,1.5512631615512278,-0.0035741704081704295,0.6885887491539204,-0.004884547941341226,0.6314603441781552,0.8892547945386611
0.611226777212193,1.5430938465780393,-0.003133734275169534,0.7185484191083338,-0.004874966176032074,0.6127145560527044,0.9334598989253511
0.6109168319988989,1.5351771202569786,-0.0027069160733597143,0.7475817601506146,-0.0048656806712040505,0.5945483726274301,0.9762982170183492
0.610618104144078,1.52754691153086,-0.0022955450298449455,0.775564343251897,-0.004856731222013579,0.5770396492397016,1.0175861553996333
0.6103318392548378,1.520235036121146,-0.001901336440629323,0.8023794892882258,-0.004848155145026027,0.5602613921055308,1.0571515555353457
0.6100591891730278,1.5132709147651007,-0.0015258764798036957,0.8279193023612141,-0.0048399869477368926,0.544281111770055,1.0948352184270222
0.609801200944032,1.506681291452942,-0.0011706070087323679,0.8520857031186977,-0.004832257998093007,0.5291601765580238,1.1304924292628105
0.6095588057855629,1.500489951664996,-0.0008368103852398195,0.8747914620753862,-0.004824996194013716,0.5149531660242866,1.1639944820686885
0.6093328080564535,1.4947174406088495,-0.0005255942727973029,0.8959612329335243,-0.004818225632912081,0.5017072244042742,1.1952302043596965
0.6091238742254518,1.4893807814565023,-0.00023787644970959566,0.9155325859035414,-0.0048119662812160634,0.4894614140644874,1.2241074817911497
0.6089325218400126,1.484493193581521,2.5630381698393823e-05,0.9334570410247123,-0.0048062336438897246,0.4782460689529795,1.2505547828098706
0.6087591084950915,1.4800638107961939,0.00026443378589482286,0.9497011014858024,-0.004801038433954413,0.46808214804984705,1.2745226833053973
0.6086038208019381,1.4760973995886806,0.00047827678495435816,0.9642472869457329,-0.004796386242009958,0.4589805888177101,1.295985391261219
0.6084666633568884,1.4725940773601667,0.0006671530493714828,0.9770951668542327,-0.004792277205755863,0.4509416606521982,1.314942271405996
0.6083474477101586,1.4695490306620185,0.0008313220888737059,0.9882623937724875,-0.004788705679512497,0.4439543183324408,1.331419369864772
0.608245781334638,1.4669522334329328,0.0009713244432350797,0.9977857366938072,-0.004785659903742287,0.43799555547154434,1.3454709388102162
0.6081610565946823,1.4647881652360935,0.0010879968730892718,1.0057221143642652,-0.00478312167457091,0.4330297579670881,1.3571809611138197
0.6080924397149066,1.4630355294963224,0.0011824875507430738,1.0121496286033635,-0.004781066013308487,0.429008057451602,1.3666646749971374
0.6080388597489783,1.4616669717372333,0.001256271250989649,1.0171685976246865,-0.004779460835970773,0.4258676847430548,1.3740700986830034
0.6079989975484107,1.4606487978183833,0.0013111645419219223,1.0209025893565573,-0.004778266622800349,0.42353132329533716,1.37957955504676
0.6079712747313561,1.4599406921724283,0.0013493409757458254,1.0234994547626894,-0.004777436087787818,0.42190646264875,1.383411196267472
0.6079538426513986,1.4594954360422774,0.0013733462795934796,1.025132361162832,-0.0047769138481929966,0.4208847518804959,1.385820528479136
0.6079445713663475,1.4592586257182378,0.0013861135463370186,1.026000825553458,-0.0047766360940660986,0.4203413530551434,1.3871019364219526
0.6079410386070303,1.4591683907751807,0.0013909784254011771,1.0263317479283716,-0.0047765302577689435,0.4201342946751433,1.3875902080934763
0.607940518746086,1.4591551123096833,0.0013916943135772464,1.0263804445994034,-0.004776514683496134,0.42010382513128763,1.3876620593999
0.6088255201324794,1.481759036670369,0.00017417410398487234,3.738095920928452e-07,-0.00480335928829961,0.5218318313211827,0.48172601845806096
0.6087966246833353,1.4816649804661424,0.0001741658375131206,-9.454814617113304e-05,-0.00480313131621328,0.5218782561303239,0.48170315527442714
0.6086002631979948,1.481025813520672,0.00017410966200037456,-0.0007395983799349593,-0.004801582112486949,0.5221937398742917,0.4815477865630581
0.608084937035017,1.4793483998010701,0.00017396223639200468,-0.002432452053948595,-0.004797516421037443,0.5230216875086199,0.48114004080916034
0.6071160091218228,1.476194488566474,0.0001736850434269828,-0.005615393840227775,-0.004789872015969599,0.5245784133867084,0.4803733880156074
0.6055750908067367,1.4711787185392444,0.00017324421422720547,-0.010677332120199622,-0.0047777148641148775,0.5270541263726284,0.47915415455684235
0.6033594287110274,1.4639666220761653,0.0001726103528868178,-0.01795581318434751,-0.004760234287569987,0.5306139149539273,0.47740103803278106
0.6003812915809501,1.454272629339642,0.00017175836106153683,-0.027739035431855852,-0.0047367381262354985,0.5353987323544336,0.47504462212271525
0.596567357139787,1.4418580724689007,0.0001706672625579753,-0.04026786357025507,-0.004706647900354461,0.5415263816470614,0.4720268914392154
0.5918580989398895,1.4265291897511885,0.00016932002792296514,-0.055737842815066364,-0.0046694939730510246,0.5490925008666155,0.4683007463820339
0.5862071732147189,1.4081351297929712,0.00016770339903288104,-0.07430121308944651,-0.004624910712869056,0.5581715481225966,0.463829517992008
0.5795808057308884,1.3865659556911325,0.00016580771368296415,-0.09606892322383292,-0.004572631656310753,0.5688177867120057,0.45858648280496284
0.5719571786402038,1.3617506492041742,0.00016362673017664551,-0.12111264515558834,-0.004512484670375268,0.5810662702321487,0.4525543777056145
0.5633258173317055,1.3336551149234144,0.00016115745191486985,-0.14946678812864553,-0.004444387115097323,0.594933827693442,0.4457249147814732
0.5536869772837096,1.3022801844441867,0.000158399951985419,-0.18113051289315257,-0.004368341006085827,0.6104200486322171,0.43809829617674584
0.5430510309158494,1.2676596205370398,0.00015535719775223555,-0.21606974590511732,-0.004284428177062495,0.6275082682235249,0.4296827289462396
0.5314378544411164,1.2298581213189357,0.00015203487544474643,-0.25421919352605254,-0.0041928054424004635,0.6461665523939415,0.4204939399092646
0.5188762147179025,1.1889693244244497,0.0001484412147471865,-0.2954843562226205,-0.004093699759662914,0.6663486829343721,0.4105546905035371
0.5054031561020405,1.1451138111769692,0.00014458681338792216,-0.3397435427662778,-0.003987403392141684,0.6879951426128567,0.39989429163908247
0.4910633872988459,1.0984371107598925,0.00014048446172877497,-0.3868498844329207,-0.0038742690713958893,0.7110341002873743,0.38854811855213817
0.4759086682151586,1.0491077043878287,0.00013614896735434517,-0.43663334920252933,-0.00375470515979054,0.7353823960186483,0.37655712565905686
0.4599971968113835,0.9973150294777956,0.00013159697966133517,-0.48890275595881333,-0.0036291708130351576,0.7609465261829511,0.3639673614102094
0.44339299595353276,0.94326748382042,0.00012684681444787352,-0.5434477886888556,-0.003498171142722397,0.7876236285849085,0.35082948314388795
0.42616530026526633,0.8871904297511356,0.00012191827850283803,-0.6000410106827586,-0.003362252378866658,0.8153024675703056,0.3371982719402087
0.4083879429799341,0.8293241983213839,0.00011683249419517969,-0.6584398787332872,-0.00322199703244271,0.8438644191388907,0.3231321474750154
0.39013874279261684,0.7699220934698118,0.00011161172406324617,-0.7183887573355155,-0.0030780190579243042,0.8731844560571804,0.30869268287378204
0.3714988907121676,0.7092483961934701,0.00010627919540410527,-0.7796209328864715,-0.002930959015822793,0.9031321329712652,0.2939441195655157
0.3525523369132534,0.6475763687190152,0.00010085892486286877,-0.8418606278847799,-0.0027814792352257515,0.9335725715196128,0.2789528821366603
0.33338517758839625,0.5851862586739058,9.537554302201585e-05,-0.9048250151303092,-0.0026302589763355895,0.9643674454458749,0.2637870931849988
0.31408504180001445,0.5223633032576019,8.985411899071654e-05,-0.9682262319238171,-0.002477989593008171,0.9953759657116908,0.24851608817355644
0.2947404783324651,0.4593957334127676,8.431998499415584e-05,-1.0317733942665903,-0.00232536969529144,1.0264558656094915,0.23320993028450465
0.2754403425440833,0.3965727779964636,7.879856096285653e-05,-1.0951746110600982,-0.0021731003119640213,1.0574643858753077,0.21793892527306225
0.25627318321922593,0.33418266795135354,7.331517912200354e-05,-1.1581389983056283,-0.002021880053073858,1.08825925980157,0.2027731363214006
0.23732662942031169,0.27251064047689866,6.789490858076704e-05,-1.2203786933039367,-0.001872400272476816,1.1186996983499178,0.1877818988925452
0.21868677733986241,0.2118369432005569,6.256237992162614e-05,-1.2816108688548926,-0.0017253402303753049,1.1486473752640025,0.17303333558427886
0.2004375771525453,0.15243483834898486,5.7341609789692636e-05,-1.3415597474571208,-0.0015813622558568997,1.177967412182292,0.15859387098304556
0.18266021986721293,0.09456860691923286,5.225582548203427e-05,-1.3999586155076498,-0.001441106909432951,1.2065293637508772,0.14452774651785216
0.1654325241789466,0.038491552849948985,4.732728953699882e-05,-1.4565518375015523,-0.0013051881455772131,1.2342082027362742,0.130896535314173
0.14882832332109563,-0.015555992807427144,4.2577124323537084e-05,-1.5110968702315952,-0.0011741884752644507,1.260885305138232,0.11775865704785138
0.13291685191732083,-0.06734866771745951,3.8025136630527194e-05,-1.5633662769878784,-0.0010486541285090706,1.2864494353025342,0.10516889279900415
0.11776213283363368,-0.1166780740895228,3.368964225609742e-05,-1.6131497417574865,-0.0009290902169037225,1.3107977310338081,0.09317789990592296
0.10342236403043881,-0.16335477450660063,2.9587290596950122e-05,-1.6602560834241304,-0.0008159558961579249,1.3338366887083262,0.08183172681897838
0.08994930541457702,-0.20721028775408046,2.5732889237685863e-05,-1.7045152699677872,-0.0007096595286366966,1.3554831483868104,0.07117132795452391
0.07738766569136313,-0.24809908464856623,2.2139228540125937e-05,-1.745780432664355,-0.0006105538458991474,1.375665278927241,0.06123207854879642
0.06577448921663054,-0.2859005838666693,1.8816906232636924e-05,-1.783929880285289,-0.0005189311112371196,1.394323563097657,0.052043289511821744
0.0551385428487694,-0.3205211477738188,1.5774151999453228e-05,-1.8188691132972563,-0.0004350182822137807,1.4114117826889663,0.043627722281314896
0.04549970280077342,-0.3518960782530467,1.3016652070002349e-05,-1.8505328380617636,-0.00035897217320228405,1.4268980036277412,0.03600110367658749
0.03686834149227558,-0.379991612533805,1.0547373808226823e-05,-1.8788869810348194,-0.0002908746179243419,1.440765561089034,0.029171640752446437
0.02924471440159071,-0.40480691902076416,8.366390301908137e-06,-1.9039307029665757,-0.00023072763198885536,1.4530140446091775,0.023139535653097953
0.02261834691776088,-0.4263760931226004,6.470704951991459e-06,-1.9256984131009596,-0.00017844857543055856,1.4636602831985852,0.0178965004660534
0.016967421192589427,-0.444770153080821,4.854076061907089e-06,-1.944261783375343,-0.00013386531524858195,1.472739330454568,0.013425272076026729
0.012258162992691335,-0.46009903579853506,3.5068414268967353e-06,-1.959731762620156,-9.671138794514148e-05,1.480305449674123,0.009699127018844789
0.008444228551528266,-0.4725135926692763,2.415742923335206e-06,-1.9722605907585555,-6.662116206410367e-05,1.4864330989667507,0.006681396335344869
0.005466091421451935,-0.48220758540579634,1.5637510980545189e-06,-1.9820438130060607,-4.312500072962272e-05,1.4912179163672556,0.004324980425279845
0.0032504293257429318,-0.48941968186887475,9.298897576669218e-07,-1.9893222940702076,-2.5644424184734227e-05,1.494777704948554,0.002571863901218774
0.0017095110106554179,-0.4944354518961085,4.89060557889217e-07,-1.9943842323501837,-1.3487272330002693e-05,1.497253417934476,0.0013526304424526514
0.0007405830974639427,-0.49758936313069624,2.1186759286806033e-07,-1.9975671741364545,-5.842867262178565e-06,1.4988101438125603,0.0005859776489017809
0.0002252569344840527,-0.4992667768503045,6.444198449764415e-08,-1.9992600278104746,-1.7771758126575166e-06,1.4996380914468919,0.0001782318950024897
2.889544914408404e-05,-0.4999059437957736,8.266471751718464e-09,-1.999905078044237,-2.2797208633004717e-07,1.499953575190859,2.2863183633758943e-05
0.0,-0.5,0.0,-2.0,0.0,1.5,0.0
